{
    "status": {
        "success": "true",
        "errorMsg": ""
    },
    "promotions": [
        {
            "LoginType": "uverse",
            "xmlSource": "Prime_BillPmt_Support_Uverse_ACC_English_B2C",
            "promotion": "Prime_BillPmt_Support_Uverse_ACC",
            "Title": "",
            "IntroText": "",
            "SlotType": "AccordionSlot",
            "AccordionTitle": "Search Engines",
            "LayoutType": "Links",
            "Links": [
                {
                    "LinkName": "L1",
                    "LinkType": "LabelAndFullUrl",
                    "ActionType": "",
                    "LinkLabel": "Google Inc",
                    "LinkUrl": "http://www.google.com"
                },
                {
                    "LinkName": "L2",
                    "LinkType": "LabelAndFullUrl",
                    "ActionType": "",
                    "LinkLabel": "Microsoft Bing",
                    "LinkUrl": "http://www.bing.com/"
                },
                {
                    "LinkName": "L3",
                    "LinkType": "LabelOnly",
                    "ActionType": "UverseVoiceDetail",
                    "LinkLabel": "Yahoo Inc",
                    "LinkUrl": "http://www.yahoo.com"
                },
                {
                    "LinkName": "L4",
                    "LinkType": "LabelAndFullUrl",
                    "ActionType": "",
                    "LinkLabel": "Dogpile",
                    "LinkUrl": "http://www.dogpile.com/"
                }
            ]
        },
        {
            "LoginType": "uverse",
            "xmlSource": "Prime_Manage_Your_Account_Uverse_ACC_English_B2C",
            "promotion": "Prime_Manage_Your_Account_Uverse_ACC",
            "Title": "",
            "IntroText": "",
            "SlotType": "AccordionSlot",
            "AccordionTitle": "Manage Your Account",
            "LayoutType": "Links",
            "Links": [
                {
                    "LinkName": "L1",
                    "LinkType": "LabelOnly",
                    "ActionType": "PayNow",
                    "LinkLabel": "Pay My Bill",
                    "LinkUrl": "/pmt/setupQuickPay.doview?reportActionEvent=A_PMT_QUICK_PAY_SETUP&reportActionForm=commonPaymentForm&dreferrer=null&dsource=Prime_Manage_Your_Account_Uverse_ACC"
                },
                {
                    "LinkName": "L2",
                    "LinkType": "LabelAndFullUrl",
                    "ActionType": "",
                    "LinkLabel": "Member Center",
                    "LinkUrl": "http://att.yahoo.com/myaccount?dreferrer=null&dsource=Prime_Manage_Your_Account_Uverse_ACC"
                },
                {
                    "LinkName": "L3",
                    "LinkType": "LabelOnly",
                    "ActionType": "AutoPay",
                    "LinkLabel": "Set Up AutoPay",
                    "LinkUrl": "/pmt/setupRecurringPayment.do?reportActionEvent=A_PMT_AUTO_PAY_SETUP&reportActionForm=commonPaymentForm&dreferrer=null&dsource=Prime_Manage_Your_Account_Uverse_ACC"
                },
                {
                    "LinkName": "L4",
                    "LinkType": "LabelOnly",
                    "ActionType": "PaperlessBilling",
                    "LinkLabel": "Enroll in Paperless Billing",
                    "LinkUrl": "/pmt/update-bill-option.do?dreferrer=null&dsource=Prime_Manage_Your_Account_Uverse_ACC"
                }
            ]
        }
    ]
}