<?xml version="1.0" encoding="UTF-8"?>
<beans xmlns="http://www.springframework.org/schema/beans"
	xmlns:xsi="http://www.w3.org/2001/XMLSchema-instance"
	xsi:schemaLocation="http://www.springframework.org/schema/beans
           http://www.springframework.org/schema/beans/spring-beans-4.2.xsd">

	<bean id="updateUnifiedMXPolicyApplicationWorkflow" class="com.att.icasmx.rti.workflow.WorkflowImpl">
		<property name="firstEvent" value="UUP_RQS" />
		<property name="events">
			<map>
				<entry key="UUP_RQS">
					<bean id="eupcrh" class="com.att.icasmx.rti.workflow.EventManagerImpl">
						<property name="eventHandler">
							<bean id="updateUnifiedMXPolicyRequestEventHandler" class="com.att.icasmx.rti.core.events.request.UpdateUnifiedPolicyApplicationRequestEventHandler">
							</bean>
						</property>
						<property name="results">
							<map>
							    <entry key="success" value="UUP_RSP" />
								<entry key="uupmockgen" value="UUP_MOCK_GEN" />
								<entry key="failure" value="WORKFLOW_END" />
							</map>
						</property>
					</bean>
				</entry>
				<entry key="UUP_MOCK_GEN">
					<bean id="eupcmock" class="com.att.icasmx.rti.workflow.EventManagerImpl">
						<property name="eventHandler">
							<bean id="updateUnifiedPolicyMockEventHandler" class="com.att.icasmx.rti.core.events.mock.UpdateUnifiedPolicyApplicationMockEventHandler">
							</bean>
						</property>
						<property name="results">
							<map>
								<entry key="success" value="UUP_RSP" />
								<entry key="failure" value="WORKFLOW_END" />
							</map>
						</property>
					</bean>
				</entry>
				<entry key="UUP_RSP">
					<bean id="eupcres" class="com.att.icasmx.rti.workflow.EventManagerImpl">
						<property name="eventHandler">
							<bean id="updateUnifiedPolicyResponseHandler" class="com.att.icasmx.rti.core.events.response.UpdateUnifiedPolicyApplicationResponseHandler">
							</bean>
						</property>
						<property name="results">
							<map>
								<entry key="success" value="WORKFLOW_END" />
								<entry key="failure" value="WORKFLOW_END" />
							</map>
						</property>
					</bean>
				</entry>
			</map>
		</property>
	</bean>
</beans>
