<?xml version="1.0" encoding="UTF-8"?>
<beans xmlns="http://www.springframework.org/schema/beans"
	xmlns:xsi="http://www.w3.org/2001/XMLSchema-instance"
	xsi:schemaLocation="http://www.springframework.org/schema/beans
           http://www.springframework.org/schema/beans/spring-beans-4.2.xsd">
	<bean id="executeUnifiedCreditCheckWorkflow" class="com.att.icasmx.rti.workflow.WorkflowImpl">
		<property name="firstEvent" value="EUCC_RQS" />
		<property name="events">
			<map>
				<entry key="EUCC_RQS">
					<bean  id="euccrh" class="com.att.icasmx.rti.workflow.EventManagerImpl" >
						<property name="eventHandler">
						    <bean id="executeUnifiedCreditCheckRequestHandler" class="com.att.icasmx.rti.core.events.request.ExecuteUnifiedCreditCheckRequestEventHandler">						      
						   </bean>
						</property>
						<property name="results">
							<map>								
								 <entry key="mockgen" value="EUCC_MOCK_GEN" />
								 <entry key="success" value="EUCC_RSP" />							
								 <entry key="failure" value="EUCC_RSP" />
							</map>
						</property>
					</bean>
				</entry>
				<entry key="EUCC_RSP">
					<bean id="euccres" class="com.att.icasmx.rti.workflow.EventManagerImpl">
						<property name="eventHandler">
						   <bean id="executeUnifiedCreditCheckResponseHandler" class="com.att.icasmx.rti.core.events.response.ExecuteUnifiedCreditCheckResponseEventHandler">
					 
						   </bean>
						</property>
						<property name="results">
							<map>							
								<entry key="success" value="WORKFLOW_END" />								
							</map>
						</property>
					</bean>
				</entry>
			 	<entry key="EUCC_MOCK_GEN">
					<bean id="euccmockgen" class="com.att.icasmx.rti.workflow.EventManagerImpl">
						<property name="eventHandler">
						   <bean id="euccMockGenerator" class="com.att.icasmx.rti.core.events.mock.ExecuteUnifiedCreditCheckMockEventHandler">
						      
						   </bean>
						</property>
						<property name="results">
							<map>							
								<entry key="success" value="EUCC_RSP" />							
							</map>
						</property>
					</bean>
				</entry>		
			</map>
		</property>
	</bean>
</beans>
