<?xml version="1.0" encoding="UTF-8"?>
<beans xmlns="http://www.springframework.org/schema/beans"
	xmlns:xsi="http://www.w3.org/2001/XMLSchema-instance"
	xsi:schemaLocation="http://www.springframework.org/schema/beans
           http://www.springframework.org/schema/beans/spring-beans-4.2.xsd">

	<bean id="submitUnifiedPolicyUpdateWorkflow" class="com.att.icasmx.rti.workflow.WorkflowImpl">
		<property name="firstEvent" value="SUPC_RQS" />
		<property name="events">
			<map>
				<entry key="SUPC_RQS">
					<bean id="supurqs" class="com.att.icasmx.rti.workflow.EventManagerImpl">
						<property name="eventHandler">
							<bean id="submitUnifiedPolicyUpdateRequestEventHandler" class="com.att.icasmx.rti.core.events.request.SubmitUnifiedPolicyUpdateRequestEventHandler">
							</bean>
						</property>
						<property name="results">
							<map>
							    <entry key="success" value="SUPU_RSP" />
								<entry key="supumockgen" value="SUPU_MOCK_GEN" />
								<entry key="failure" value="WORKFLOW_END" />
							</map>
						</property>
					</bean>
				</entry>
				<entry key="SUPU_MOCK_GEN">
					<bean id="supumock" class="com.att.icasmx.rti.workflow.EventManagerImpl">
						<property name="eventHandler">
							<bean id="submitUnifiedPolicyUpdateMockEventHandler" class="com.att.icasmx.rti.core.events.mock.SubmitUnifiedPolicyUpdateMockEventHandler">
							</bean>
						</property>
						<property name="results">
							<map>
								<entry key="success" value="SUPU_RSP" />
								<entry key="failure" value="WORKFLOW_END" />
							</map>
						</property>
					</bean>
				</entry>
				<entry key="SUPU_RSP">
					<bean id="supursp" class="com.att.icasmx.rti.workflow.EventManagerImpl">
						<property name="eventHandler">
							<bean id="submitUnifiedPolicyUpdateResponseHandler" class="com.att.icasmx.rti.core.events.response.SubmitUnifiedPolicyUpdateResponseHandler">
							</bean>
						</property>
						<property name="results">
							<map>
								<entry key="success" value="WORKFLOW_END" />
								<entry key="failure" value="WORKFLOW_END" />
							</map>
						</property>
					</bean>
				</entry>
			</map>
		</property>
	</bean>
</beans>
