<?xml version="1.0" encoding="UTF-8"?>
<beans xmlns="http://www.springframework.org/schema/beans"
	xmlns:xsi="http://www.w3.org/2001/XMLSchema-instance"
	xsi:schemaLocation="http://www.springframework.org/schema/beans
           http://www.springframework.org/schema/beans/spring-beans-4.2.xsd">
	<bean id="workflowManager" class="com.att.icasmx.rti.workflow.WorkflowManager">
		<property name="workflows">
			<map>
				<entry key="ExecuteUnifiedCreditCheck" value-ref="executeUnifiedCreditCheckWorkflow" />
				<entry key="ConfirmUnifiedCreditDebtPayment" value-ref="confirmUnifiedCreditDebtPaymentWorkflow" />
				<entry key="SubmitUnifiedCreditUpdate" value-ref="submitUnifiedCreditUpdateWorkflow" />
				<entry key="ExecuteUnifiedPolicyCheck" value-ref="executeUnifiedMXPolicyCheckWorkflow" />
				<entry key="InquireUnifiedCreditCheck" value-ref="inquireUnifiedMXCreditCheckWorkflow" />
				<entry key="InquireUnifiedPolicyCheck" value-ref="inquireUnifiedMXPolicyCheckWorkflow" />
				<entry key="SubmitUnifiedPolicyUpdate" value-ref="submitUnifiedPolicyUpdateWorkflow" />
				<entry key="UpdateUnifiedPolicyApplication" value-ref="updateUnifiedMXPolicyApplicationWorkflow" />
			</map>
		</property>
	</bean>
</beans>
