<?xml version="1.0" encoding="UTF-8"?>
<beans xmlns="http://www.springframework.org/schema/beans"
	xmlns:xsi="http://www.w3.org/2001/XMLSchema-instance"
	xsi:schemaLocation="http://www.springframework.org/schema/beans
           http://www.springframework.org/schema/beans/spring-beans-4.2.xsd">

	<bean id="inquireUnifiedMXPolicyCheckWorkflow" class="com.att.icasmx.rti.workflow.WorkflowImpl">
		<property name="firstEvent" value="IUPC_RQS" />
		<property name="events">
			<map>
				<entry key="IUPC_RQS">
					<bean id="iupcrqs" class="com.att.icasmx.rti.workflow.EventManagerImpl">
						<property name="eventHandler">
							<bean id="inquireUnifiedPolicyCheckRequestEventHandler"
								class="com.att.icasmx.rti.core.events.request.InquireUnifiedPolicyCheckRequestEventHandler">
							</bean>
						</property>
						<property name="results">
							<map>
								<entry key="success" value="IUPC_RSP" />
								<entry key="mockgen" value="IUPC_MOCK" />
								<entry key="failure" value="WORKFLOW_END" />
							</map>
						</property>
					</bean>
				</entry>
				
				<entry key="IUPC_MOCK">
					<bean id="iupcmock" class="com.att.icasmx.rti.workflow.EventManagerImpl">
						<property name="eventHandler">
							<bean id="inquireUnifiedPolicyCheckMockEventHandler"
								class="com.att.icasmx.rti.core.events.mock.InquireUnifiedPolicyCheckMockEventHandler">
							</bean>
						</property>
						<property name="results">
							<map>
								<entry key="success" value="IUPC_RSP" />
								<entry key="failure" value="WORKFLOW_END" />
							</map>
						</property>
					</bean>
				</entry>
				
				<entry key="IUPC_RSP">
					<bean id="iupcrsp" class="com.att.icasmx.rti.workflow.EventManagerImpl">
						<property name="eventHandler">
							<bean id="inquireUnifiedPolicyCheckResponseEventHandler"
								class="com.att.icasmx.rti.core.events.response.InquireUnifiedPolicyCheckResponseEventHandler">
							</bean>
						</property>
						<property name="results">
							<map>
								<entry key="success" value="WORKFLOW_END" />
								<entry key="failure" value="WORKFLOW_END" />
							</map>
						</property>
					</bean>
				</entry>
			</map>
		</property>
	</bean>
</beans>
