<?xml version="1.0" encoding="UTF-8"?>
<beans xmlns="http://www.springframework.org/schema/beans"
	xmlns:xsi="http://www.w3.org/2001/XMLSchema-instance" xmlns:context="http://www.springframework.org/schema/context"
	xsi:schemaLocation="http://www.springframework.org/schema/beans
        http://www.springframework.org/schema/beans/spring-beans.xsd
        http://www.springframework.org/schema/context 
        http://www.springframework.org/schema/context/spring-context.xsd" default-autowire="byName">
	
	<!-- This is to activate annotations -->
	<context:annotation-config />
    <!-- Scans packages to find and register beans within the application context-->
	<context:component-scan base-package="com.att.icasmx.rti" />
	<!-- This is the main workflow xml where all workflows are defined -->
	<import resource="context-workflowManager.xml" />
	<!-- Here we configure the individual workflow Xmls -->
	<import resource="context-ExecuteUnifiedCreditCheck.workflow.xml" />
	<import resource="context-ExecuteUnifiedMXPolicyCheck.workflow.xml" />
	<import resource="context-SubmitUnifiedCreditUpdate.workflow.xml" />
	<import resource="context-InquireUnifiedMXCreditCheck.workflow.xml" />
	<import resource="context-InquireUnifiedMXPolicyCheck.workflow.xml" />
	<import resource="context-SubmitUnifiedMXPolicyUpdate.workflow.xml" />
	<import resource="context-UpdateUnifiedMXPolicyApplication.workflow.xml" />
	<import resource="context-ConfirmUnifiedCreditDebtPayment.workflow.xml" />
	

</beans>