<?xml version="1.0" encoding="UTF-8"?>
<beans xmlns="http://www.springframework.org/schema/beans"
	xmlns:xsi="http://www.w3.org/2001/XMLSchema-instance"
	xsi:schemaLocation="http://www.springframework.org/schema/beans
           http://www.springframework.org/schema/beans/spring-beans-4.2.xsd">

	<bean id="confirmUnifiedCreditDebtPaymentWorkflow" class="com.att.icasmx.rti.workflow.WorkflowImpl">
		<property name="firstEvent" value="CUCDP_RQS" />
		<property name="events">
			<map>
				<entry key="CUCDP_RQS">
					<bean  id="euccrh" class="com.att.icasmx.rti.workflow.EventManagerImpl" >
						<property name="eventHandler">
						    <bean id="confirmUnifiedCreditDebtPaymentRequestHandler" class="com.att.icasmx.rti.core.events.request.ConfirmUnifiedCreditDebtPaymentRequestEventHandler">
						      
						   </bean>
						</property>
						<property name="results">
							<map>								
								 <entry key="mockgen" value="CUCDP_MOCK_GEN" />
								 <entry key="success" value="CUCDP_RSP" />							
								 <entry key="failure" value="CUCDP_RSP" />
							</map>
						</property>
					</bean>
				</entry>

				<entry key="CUCDP_RSP">
					<bean id="cucdpres" class="com.att.icasmx.rti.workflow.EventManagerImpl">
						<property name="eventHandler">
						   <bean id="confirmUnifiedCreditDebtPaymentResponseHandler" class="com.att.icasmx.rti.core.events.response.ConfirmUnifiedCreditDebtPaymentResponseEventHandler">
						      
						   </bean>
						</property>
						<property name="results">
							<map>							
								<entry key="success" value="WORKFLOW_END" />							
							</map>
						</property>
					</bean>
				</entry>
			 	<entry key="CUCDP_MOCK_GEN">
					<bean id="cucdpmockgen" class="com.att.icasmx.rti.workflow.EventManagerImpl">
						<property name="eventHandler">
						   <bean id="cudpMockGenerator" class="com.att.icasmx.rti.core.events.mock.ConfirmUnifiedCreditDebtPaymentMockEventHandler">
						      
						   </bean>
						</property>
						<property name="results">
							<map>							
								<entry key="success" value="CUCDP_RSP" />
							</map>
						</property>
					</bean>
				</entry>			
			</map>
		</property>
	</bean>
</beans>
