<?xml version="1.0" encoding="UTF-8"?>
<beans xmlns="http://www.springframework.org/schema/beans"
	xmlns:xsi="http://www.w3.org/2001/XMLSchema-instance"
	xsi:schemaLocation="http://www.springframework.org/schema/beans
           http://www.springframework.org/schema/beans/spring-beans-4.2.xsd">

	<bean id="executeUnifiedMXPolicyCheckWorkflow" class="com.att.icasmx.rti.workflow.WorkflowImpl">
		<property name="firstEvent" value="EUPC_RQS" />
		<property name="events">
			<map>
				<entry key="EUPC_RQS">
					<bean id="eupcrh" class="com.att.icasmx.rti.workflow.EventManagerImpl">
						<property name="eventHandler">
							<bean id="executeUnifiedMXPolicyCheckRequestEventHandler" class="com.att.icasmx.rti.core.events.request.ExecuteUnifiedPolicyCheckRequestEventHandler">
							</bean>
						</property>
						<property name="results">
							<map>
								<entry key="eupcmockgen" value="EUPC_MOCK_GEN" />
								<entry key="success" value="EUPC_RSP" />
								<entry key="error" value="EUPC_RSP" />
							</map>
						</property>
					</bean>
				</entry>
				<entry key="EUPC_MOCK_GEN">
					<bean id="eupcmock" class="com.att.icasmx.rti.workflow.EventManagerImpl">
						<property name="eventHandler">
							<bean id="executeUnifiedPolicyCheckMockEventHandler" class="com.att.icasmx.rti.core.events.mock.ExecuteUnifiedPolicyCheckMockEventHandler">
							</bean>
						</property>
						<property name="results">
							<map>
								<entry key="success" value="EUPC_RSP" />
								<entry key="failure" value="WORKFLOW_END" />
							</map>
						</property>
					</bean>
				</entry>
				<entry key="EUPC_RSP">
					<bean id="eupcres" class="com.att.icasmx.rti.workflow.EventManagerImpl">
						<property name="eventHandler">
							<bean id="executeUnifiedPolicyCheckResponseHandler" class="com.att.icasmx.rti.core.events.response.ExecuteUnifiedPolicyCheckResponseHandler">
							</bean>
						</property>
						<property name="results">
							<map>
								<entry key="success" value="WORKFLOW_END" />
								<entry key="failure" value="WORKFLOW_END" />
							</map>
						</property>
					</bean>
				</entry>
			</map>
		</property>
	</bean>
</beans>
