<?xml version="1.0" encoding="UTF-8"?>
<beans xmlns="http://www.springframework.org/schema/beans"
	xmlns:xsi="http://www.w3.org/2001/XMLSchema-instance"
	xsi:schemaLocation="http://www.springframework.org/schema/beans
           http://www.springframework.org/schema/beans/spring-beans-4.2.xsd">

	<bean id="inquireUnifiedMXCreditCheckWorkflow" class="com.att.icasmx.rti.workflow.WorkflowImpl">
		<property name="firstEvent" value="IUCC_RQS" />
		<property name="events">
			<map>
				<entry key="IUCC_RQS">
					<bean id="iuccrqs" class="com.att.icasmx.rti.workflow.EventManagerImpl">
						<property name="eventHandler">
							<bean id="inquireUnifiedCreditCheckRequestEventHandler"
								class="com.att.icasmx.rti.core.events.request.InquireUnifiedCreditCheckRequestEventHandler">
							</bean>
						</property>
						<property name="results">
							<map>
								<entry key="success" value="IUCC_RSP" />
								<entry key="mockgen" value="IUCC_MOCK" />
								<entry key="failure" value="WORKFLOW_END" />
							</map>
						</property>
					</bean>
				</entry>
				
				<entry key="IUCC_MOCK">
					<bean id="iuccmock" class="com.att.icasmx.rti.workflow.EventManagerImpl">
						<property name="eventHandler">
							<bean id="inquireUnifiedCreditCheckMockEventHandler"
								class="com.att.icasmx.rti.core.events.mock.InquireUnifiedCreditCheckMockEventHandler">
							</bean>
						</property>
						<property name="results">
							<map>
								<entry key="success" value="IUCC_RSP" />
								<entry key="failure" value="WORKFLOW_END" />
							</map>
						</property>
					</bean>
				</entry>
				
				<entry key="IUCC_RSP">
					<bean id="iuccrsp" class="com.att.icasmx.rti.workflow.EventManagerImpl">
						<property name="eventHandler">
							<bean id="inquireUnifiedCreditCheckResponseEventHandler"
								class="com.att.icasmx.rti.core.events.response.InquireUnifiedCreditCheckResponseEventHandler">
							</bean>
						</property>
						<property name="results">
							<map>
								<entry key="success" value="WORKFLOW_END" />
								<entry key="failure" value="WORKFLOW_END" />
							</map>
						</property>
					</bean>
				</entry>
			</map>
		</property>
	</bean>
</beans>
