{
    "menu": {
        "menuGroup": [
            {
                "id": "myATT",
                "value": "Billing & payments",
                "href": "/myatt/dss.action?refId=BILLSUMMARY_NAV",
                "menuItem": []
            },
            {
                "id": "myATT",
                "value": "Usage",
                "href": "/myatt/dss.action?refId=USAGE_NAV",
                "menuItem": []
            },
            {
                "id": "myATT",
                "value": "My plan & services",
                "href": "/myatt/dss.action?refId=MYSERVICES_NAV",
                "menuItem": []
            },
            {
                "id": "support",
                "value": "Profile & account settings",
                "href": "/myatt/dss.action?refId=PROFACCT_NAV",
                "menuItem": []
            },
            {
                "id": "support",
                "value": "Help & support",
                "href": "/shopmobile/globalnav/support/wirelesssupport.html",
                "menuItem": []
            },
            {
                "id": "shop",
                "value": "Shop AT&T",
                "href": "/shopmobile/globalnav/shopatt.html",
                "menuItem": []
            },
            {
                "id": "pivots",
                "menuItem": [
                    {
                        "id": "findAStore",
                        "value": "Find a store",
                        "href": "/content/att/shopmobile/en/find-a-store"
                    },
                    {
                        "id": "contactUs",
                        "value": "Contact us",
                        "href": "http://www.att.com/econtactus/"
                    }
                ]
            }
        ]
    }
}