[
    {
        "id":"1",
        "value":"myAT&T account overview (loaded from local JSON file)",
        "href":"/mobile_projects/dssEcosystem/dashboard.m.html",
        "menuItems":[
            {
                "value":"Review & pay my bill",
                "href":"/mobile_projects/dssEcosystem/billPayment.m.html"
            },
            {
                "value":"View my current usage",
                "href":"/mobile_projects/dssEcosystem/flow-ud-usageDetailsLanding.m.html"
            },
            {
                "value":"Change my plan or features",
                "href":"/mobile_projects/sandbox/myservices.html"
            }
        ]
    },
    {
        "id":"2",
        "value":"Get support",
        "href":"/mobile_projects/sandbox/eservice.html",
        "menuItems":[
            {
                "value":"Help with my device",
                "href":"/mobile_projects/sandbox/eserviceWireless.html"
            },
            {
                "value":"Problems with my service",
                "href":"/mobile_projects/sandbox/eserviceInternet.html"
            }
        ]
    },
    {
        "id":"0",
        "value":"Shop & purchase",
        "href":"/mobile_projects/sandbox/shopPage.html",
        "menuItems":[
            {
                "value":"Add another device to my account",
                "href":"/mobile_projects/mBOPIS/devices.m.html"
            },
            {
                "value":"Wireless devices & accessories",
                "href":"/mobile_projects/sandbox/mHR.html"
            },
            {
                "value":"U-verse digital TV, internet & voice",
                "href":"/mobile_projects/sandbox/shopUverse.html"
            }
        ]
    },
    {
        "id":"3",
        "menuItems":[
            {
                "value":"Find a store",
                "href":"/mobile_projects/interimHome/find-a-store-results.m.html"
            },
            {
                "value":"Contact us",
                "href":"./contactUs.html"
            },
            {
                "value":"Logout",
                "href":"./index.html"
            }
        ]
    }
]
