[
    {
        "id":"1",
        "value":"Shop",
        "href":"/mobile_projects/dssEcosystem/shop.html",
        "menuItems":[
            {
                "value":"Wireless",
                "href":"/mobile_projects/dssEcosystem/billPayment.m.html"
            },
            {
                "value":"Bundles",
                "href":"/mobile_projects/dssEcosystem/flow-ud-usageDetailsLanding.m.html"
            },
            {
                "value":"Digital TV",
                "href":"/mobile_projects/sandbox/myservices.html"
            },
            {
                "value":"Internet",
                "href":"/mobile_projects/sandbox/myservices.html"
            },
            {
                "value":"Home Phone",
                "href":"/mobile_projects/sandbox/myservices.html"
            },
            {
                "value":"U-verse",
                "href":"/mobile_projects/sandbox/myservices.html"
            }, {
                "value":"Special Offers",
                "href":"/mobile_projects/sandbox/myservices.html"
            },
            {
                "value":"Shopping Help (local json)",
                "href":"/mobile_projects/sandbox/myservices.html"
            }
        ]
    },
    {
        "id":"2",
        "value":"myAT&T",
        "href":"/mobile_projects/sandbox/myatt.html",
        "menuItems":[
            {
                "value":"OverView",
                "href":"/mobile_projects/dssEcosystem/billPayment.m.html"
            },
            {
                "value":"Bill & Payment",
                "href":"/mobile_projects/dssEcosystem/flow-ud-usageDetailsLanding.m.html"
            },
            {
                "value":"Wireless",
                "href":"/mobile_projects/sandbox/myservices.html"
            },
            {
                "value":"Digital TV",
                "href":"/mobile_projects/sandbox/myservices.html"
            },
            {
                "value":"Internet",
                "href":"/mobile_projects/sandbox/myservices.html"
            },
            {
                "value":"Home Phone",
                "href":"/mobile_projects/sandbox/myservices.html"
            },
            {
                "value":"Message & Email",
                "href":"/mobile_projects/sandbox/myservices.html"
            }, {
                "value":"Profile",
                "href":"/mobile_projects/sandbox/myservices.html"
            },
            {
                "value":"My Orders",
                "href":"/mobile_projects/sandbox/myservices.html"
            },
            {
                "value":"Apps",
                "href":"/mobile_projects/sandbox/myservices.html"
            },
            {
                "value":"Att.net",
                "href":"/mobile_projects/sandbox/myservices.html"
            }
        ]
    },
    {
        "id":"3",
        "value":"Support",
        "href":"/mobile_projects/sandbox/support.html",
        "menuItems":[
            {
                "value":"Wireless",
                "href":"/mobile_projects/dssEcosystem/billPayment.m.html"
            },
            {
                "value":"Digital&TV",
                "href":"/mobile_projects/dssEcosystem/flow-ud-usageDetailsLanding.m.html"
            },
            {
                "value":"Internet",
                "href":"/mobile_projects/sandbox/myservices.html"
            },
            {
                "value":"Internet",
                "href":"/mobile_projects/sandbox/myservices.html"
            },
            {
                "value":"Home Phone",
                "href":"/mobile_projects/sandbox/myservices.html"
            },
            {
                "value":"Billing&Account",
                "href":"/mobile_projects/sandbox/myservices.html"
            }, {
                "value":"Orders & Repairs",
                "href":"/mobile_projects/sandbox/myservices.html"
            },
            {
                "value":"Communities",
                "href":"/mobile_projects/sandbox/myservices.html"
            },
            {
                "value":"Contact Us",
                "href":"/contactUs"
            }
        ]
    }
]
