[
  {
    "_id": "562e25a046a2761af589fb6b",
    "transId": "U20150915005874880",
    "appDate": "2015-07-17T01:16:43 -06:-30",
    "orderNo": 509159006152,
    "name": "Whitney Brennan",
    "createdBy": "enim82",
    "appType": "P",
    "curp": "BOXW310820HNERXN09"
  },
  {
    "_id": "562e25a03d7536bb37a4b4c7",
    "transId": "U20150915005874060",
    "appDate": "2015-09-16T03:23:41 -06:-30",
    "orderNo": 509159006738,
    "name": "Beryl Anthony",
    "createdBy": "commodo13",
    "appType": "P",
    "curp": "BOXW310820HNERXN09"
  },
  {
    "_id": "562e25a0a7aaab2ec3a0d0b0",
    "transId": "U20150915005874468",
    "appDate": "2015-10-16T04:00:02 -06:-30",
    "orderNo": 509159006964,
    "name": "Foley Cummings",
    "createdBy": "ullamco63",
    "appType": "C",
    "curp": "BOXW310820HNERXN09"
  },
  {
    "_id": "562e25a084543955662036eb",
    "transId": "U20150915005874170",
    "appDate": "2015-06-14T12:06:02 -06:-30",
    "orderNo": 509159001714,
    "name": "Branch Santana",
    "createdBy": "excepteur54",
    "appType": "P",
    "curp": "BOXW310820HNERXN09"
  },
  {
    "_id": "562e25a03c5869166c96bba0",
    "transId": "U20150915005874828",
    "appDate": "2015-10-22T04:38:37 -06:-30",
    "orderNo": 509159005207,
    "name": "Effie Owen",
    "createdBy": "ipsum51",
    "appType": "P",
    "curp": "BOXW310820HNERXN09"
  },
  {
    "_id": "562e25a0f89d28d985bd8042",
    "transId": "U20150915005874412",
    "appDate": "2015-08-10T09:28:50 -06:-30",
    "orderNo": 509159006065,
    "name": "Britt Roberts",
    "createdBy": "ad46",
    "appType": "P",
    "curp": "BOXW310820HNERXN09"
  },
  {
    "_id": "562e25a04afba076542ecb6a",
    "transId": "U20150915005874864",
    "appDate": "2015-10-18T07:13:01 -06:-30",
    "orderNo": 509159008081,
    "name": "Moody Rodriguez",
    "createdBy": "qui99",
    "appType": "P",
    "curp": "BOXW310820HNERXN09"
  },
  {
    "_id": "562e25a0e9370d670b8f655e",
    "transId": "U20150915005874572",
    "appDate": "2015-04-07T10:47:58 -06:-30",
    "orderNo": 509159005650,
    "name": "Terrie Sosa",
    "createdBy": "velit18",
    "appType": "P",
    "curp": "BOXW310820HNERXN09"
  },
  {
    "_id": "562e25a0fff7d7be2988f917",
    "transId": "U20150915005874370",
    "appDate": "2015-04-14T08:58:45 -06:-30",
    "orderNo": 509159001824,
    "name": "Montoya Kemp",
    "createdBy": "tempor97",
    "appType": "P",
    "curp": "BOXW310820HNERXN09"
  },
  {
    "_id": "562e25a09a4ed0e03485f180",
    "transId": "U20150915005874120",
    "appDate": "2015-09-01T11:54:58 -06:-30",
    "orderNo": 509159003240,
    "name": "May Avery",
    "createdBy": "et82",
    "appType": "C",
    "curp": "BOXW310820HNERXN09"
  },
  {
    "_id": "562e25a071db2d70db860311",
    "transId": "U20150915005874096",
    "appDate": "2015-04-12T01:54:35 -06:-30",
    "orderNo": 509159006649,
    "name": "Viola Dotson",
    "createdBy": "duis67",
    "appType": "C",
    "curp": "BOXW310820HNERXN09"
  },
  {
    "_id": "562e25a0d989db9bcf5a2c19",
    "transId": "U20150915005874844",
    "appDate": "2015-09-05T03:00:19 -06:-30",
    "orderNo": 509159002601,
    "name": "Williamson Patrick",
    "createdBy": "cillum74",
    "appType": "P",
    "curp": "BOXW310820HNERXN09"
  },
  {
    "_id": "562e25a06aca3738c310fa54",
    "transId": "U20150915005874164",
    "appDate": "2015-06-08T09:58:26 -06:-30",
    "orderNo": 509159007992,
    "name": "Duke Vinson",
    "createdBy": "enim55",
    "appType": "P",
    "curp": "BOXW310820HNERXN09"
  },
  {
    "_id": "562e25a0f0483f398d955339",
    "transId": "U20150915005874516",
    "appDate": "2015-10-03T12:01:06 -06:-30",
    "orderNo": 509159004660,
    "name": "Melton Carpenter",
    "createdBy": "excepteur46",
    "appType": "C",
    "curp": "BOXW310820HNERXN09"
  },
  {
    "_id": "562e25a0c04fcebc437c2fe7",
    "transId": "U20150915005874340",
    "appDate": "2015-08-12T07:27:41 -06:-30",
    "orderNo": 509159001878,
    "name": "Kaufman Trujillo",
    "createdBy": "aute32",
    "appType": "P",
    "curp": "BOXW310820HNERXN09"
  },
  {
    "_id": "562e25a08155456cc97e4d58",
    "transId": "U20150915005874290",
    "appDate": "2015-05-25T08:30:18 -06:-30",
    "orderNo": 509159004122,
    "name": "Barrera Casey",
    "createdBy": "qui22",
    "appType": "P",
    "curp": "BOXW310820HNERXN09"
  },
  {
    "_id": "562e25a08cc6223641bd3078",
    "transId": "U20150915005874452",
    "appDate": "2015-10-13T05:18:58 -06:-30",
    "orderNo": 509159009370,
    "name": "Workman Barton",
    "createdBy": "ullamco50",
    "appType": "P",
    "curp": "BOXW310820HNERXN09"
  },
  {
    "_id": "562e25a09ea5ac0df444c0c4",
    "transId": "U20150915005874172",
    "appDate": "2015-07-21T12:05:16 -06:-30",
    "orderNo": 509159009090,
    "name": "Leta Nelson",
    "createdBy": "ex43",
    "appType": "P",
    "curp": "BOXW310820HNERXN09"
  },
  {
    "_id": "562e25a0050d3bacbf5fdb6c",
    "transId": "U20150915005875000",
    "appDate": "2015-01-20T11:09:49 -06:-30",
    "orderNo": 509159001176,
    "name": "Marks Cunningham",
    "createdBy": "consequat21",
    "appType": "P",
    "curp": "BOXW310820HNERXN09"
  },
  {
    "_id": "562e25a0206882e2cf5aa438",
    "transId": "U20150915005874870",
    "appDate": "2015-01-05T02:09:27 -06:-30",
    "orderNo": 509159001165,
    "name": "Colon Rich",
    "createdBy": "sit68",
    "appType": "P",
    "curp": "BOXW310820HNERXN09"
  },
  {
    "_id": "562e25a026e852e8ab144ef9",
    "transId": "U20150915005874450",
    "appDate": "2015-04-11T11:01:48 -06:-30",
    "orderNo": 509159003807,
    "name": "Felecia Phillips",
    "createdBy": "deserunt15",
    "appType": "P",
    "curp": "BOXW310820HNERXN09"
  },
  {
    "_id": "562e25a03de27f1769e73c88",
    "transId": "U20150915005874244",
    "appDate": "2015-04-07T07:40:14 -06:-30",
    "orderNo": 509159007375,
    "name": "Irene Austin",
    "createdBy": "nisi88",
    "appType": "P",
    "curp": "BOXW310820HNERXN09"
  },
  {
    "_id": "562e25a03ab7be7809f8a792",
    "transId": "U20150915005874132",
    "appDate": "2015-04-07T04:15:47 -06:-30",
    "orderNo": 509159008957,
    "name": "Marva Molina",
    "createdBy": "est53",
    "appType": "P",
    "curp": "BOXW310820HNERXN09"
  },
  {
    "_id": "562e25a0255898a9b4ab7ab6",
    "transId": "U20150915005874930",
    "appDate": "2015-10-06T05:41:35 -06:-30",
    "orderNo": 509159006288,
    "name": "Hilary Hoffman",
    "createdBy": "proident51",
    "appType": "P",
    "curp": "BOXW310820HNERXN09"
  },
  {
    "_id": "562e25a073462e7337c0926f",
    "transId": "U20150915005874190",
    "appDate": "2015-02-03T03:46:25 -06:-30",
    "orderNo": 509159007295,
    "name": "Calhoun Rose",
    "createdBy": "ullamco71",
    "appType": "C",
    "curp": "BOXW310820HNERXN09"
  },
  {
    "_id": "562e25a08a4cacb4c051a80c",
    "transId": "U20150915005874812",
    "appDate": "2015-07-13T03:33:09 -06:-30",
    "orderNo": 509159008098,
    "name": "Wolf Fitzpatrick",
    "createdBy": "reprehenderit35",
    "appType": "P",
    "curp": "BOXW310820HNERXN09"
  },
  {
    "_id": "562e25a05d60770a77df4c2e",
    "transId": "U20150915005874320",
    "appDate": "2015-07-14T02:54:40 -06:-30",
    "orderNo": 509159005675,
    "name": "Watts Potts",
    "createdBy": "ex20",
    "appType": "P",
    "curp": "BOXW310820HNERXN09"
  }
]