{
  "status": "CA/ BC - New Bureau Consent Required ",
  "creditClass": "HH - High High",
  "accDebt": "No - No debt found",
  "worklist": "No - No Worklist",
  "serviceAddr": {
    "addr1": "Service Address Line 1",
    "extStreetNo": "External Street Number",
    "intStreetNo": "Internal Street Number",
    "addr2": "Address Line 2",
    "neighborhood": "Neigborhood",
    "municipality": "Municipality",
    "city": "City",
    "state": "State",
    "zip": "Postal Code",
    "country": "Mexico"
  },
  "billingAddr": {
    "addr1": "Biling Address Line 1",
    "extStreetNo": "External Street Number",
    "intStreetNo": "Internal Street Number",
    "addr2": "Address Line 2",
    "neighborhood": "Neigborhood",
    "municipality": "Municipality",
    "city": "City",
    "state": "State",
    "zip": "Postal Code",
    "country": "Mexico"
  },
  "taxAddr": {
    "addr1": "Address Line 1",
    "extStreetNo": "External Street Number",
    "intStreetNo": "Internal Street Number",
    "addr2": "Address Line 2",
    "neighborhood": "Neigborhood",
    "municipality": "Municipality",
    "city": "City",
    "state": "State",
    "zip": "Postal Code",
    "country": "Mexico"
  },
  "creditCard": {
    "number": "****-****-****-1234",
    "type": "Amex",
    "exp": "102017"
  },
  "oowq": {
    "questionnaires": [{
      "Q": "Will you provide authorization signature?",
      "A": true
      }, {
      "Q": "Do you have a credit card?",
      "A": true
      }, {
      "Q": "Have you ever taken a mortgage on real estate?",
      "A": false
      }, {
      "Q": "Have you had auto loans in the past 24 months?",
      "A": true
      }],
    "answeredDate": "30102015"
  },
  "altContant": {
    "name": "First Name Middle Name First Legal Last Name Second Legal Last Name",
    "phone": "789-838-3939"
  },
  "refContact1": {
    "name": "First Name Middle Name First Legal Last Name Second Legal Last Name",
    "referredBy": "Friend",
    "homePhone": "789-838-1234"
  },
  "refContact2": {
    "name": "First Name Middle Name First Legal Last Name Second Legal Last Name",
    "referredBy": "Family Member",
    "cellPhone": "789-838-6789"
  }
}
