[{
  "noteType": "Normal",
  "dateTime": "10/16/2015 09:48:20",
  "notesBy": "SG855R",
  "notes": "Lorem ipsum dolor sit amet, consectetur adipiscing elit. Donec eget felis et nisi lobortis bibendum sed nec diam."
}, {
  "noteType": "Urgent",
  "dateTime": "11/16/2015 22:50:37",
  "notesBy": "SG855R",
  "notes": "Lorem ipsum dolor sit amet, consectetur adipiscing elit. Donec eget felis et nisi lobortis bibendum sed nec diam."
}, {
  "noteType": "Informational",
  "dateTime": "12/16/2015 04:22:20",
  "notesBy": "SG855R",
  "notes": "Lorem ipsum dolor sit amet, consectetur adipiscing elit. Donec eget felis et nisi lobortis bibendum sed nec diam."
}, {
  "noteType": "Normal",
  "dateTime": "10/16/2015 19:30:15",
  "notesBy": "SG855R",
  "notes": "Lorem ipsum dolor sit amet, consectetur adipiscing elit. Donec eget felis et nisi lobortis bibendum sed nec diam."
}]