{
  "fullName": "Timothy Applegate",
  "ucti": "U20151010938234877",
  "rfc": "1233657573",
  "curp": "BOXW310820HNERXN09",
  "dob": "10101980",
  "orderType": "New Customer",
  "customerType": "Consumer - Individual",
  "regionCode": "South",
  "phone": "787-636-7373",
  "email": "email@domain.com",
  "salesChannel": "",
  "storeId": "",
  "dealerCode": "",
  "dealerName": "",
  "repId": "",
  "accNo": "",
  "orderNo": "",
  "appDate": "09102015 08:15:45 AM",
  "srcAppId": "OPUS",
  "srcCorKey": ""
}
