[
  {
    "transId": "U20150915005874800",
    "appDate": "09/10/2015 06:12 am",
    "orderNo": 509159008200,
    "name": "Hunter Olsen",
    "createdBy": "aliquip726",
    "appType": "P",
    "curp": "BOXW310820HNERXN09"
  },
  {
    "transId": "U20150915005874544",
    "appDate": "09/29/2015 01:15 pm",
    "orderNo": 509159002783,
    "name": "Garrison Lucas",
    "createdBy": "ea315",
    "appType": "P",
    "curp": "BOXW310820HNERXN09"
  },
  {
    "transId": "U20150915005874270",
    "appDate": "04/01/2015 01:52 am",
    "orderNo": 509159004156,
    "name": "Edwina Norris",
    "createdBy": "ea273",
    "appType": "C",
    "curp": "BOXW310820HNERXN09"
  },
  {
    "transId": "U20150915005874490",
    "appDate": "07/01/2015 09:11 pm",
    "orderNo": 509159002128,
    "name": "Ward Greer",
    "createdBy": "eu667",
    "appType": "C",
    "curp": "BOXW310820HNERXN09"
  },
  {
    "transId": "U20150915005874660",
    "appDate": "09/03/2015 12:13 am",
    "orderNo": 509159005120,
    "name": "Opal Cannon",
    "createdBy": "commodo347",
    "appType": "P",
    "curp": "BOXW310820HNERXN09"
  },
  {
    "transId": "U20150915005874212",
    "appDate": "08/23/2015 04:07 pm",
    "orderNo": 509159009716,
    "name": "Kellie Burke",
    "createdBy": "mollit519",
    "appType": "C",
    "curp": "BOXW310820HNERXN09"
  },
  {
    "transId": "U20150915005874628",
    "appDate": "01/12/2015 03:31 am",
    "orderNo": 509159009580,
    "name": "Francis Perry",
    "createdBy": "sint455",
    "appType": "C",
    "curp": "BOXW310820HNERXN09"
  },
  {
    "transId": "U20150915005874330",
    "appDate": "07/18/2015 04:16 am",
    "orderNo": 509159007388,
    "name": "Patricia Terry",
    "createdBy": "ut972",
    "appType": "P",
    "curp": "BOXW310820HNERXN09"
  },
  {
    "transId": "U20150915005874536",
    "appDate": "03/12/2015 04:31 am",
    "orderNo": 509159002797,
    "name": "Liza Ortiz",
    "createdBy": "aute721",
    "appType": "P",
    "curp": "BOXW310820HNERXN09"
  },
  {
    "transId": "U20150915005874490",
    "appDate": "05/06/2015 12:32 pm",
    "orderNo": 509159009736,
    "name": "Bauer Tran",
    "createdBy": "nulla560",
    "appType": "C",
    "curp": "BOXW310820HNERXN09"
  },
  {
    "transId": "U20150915005874184",
    "appDate": "08/03/2015 02:43 am",
    "orderNo": 509159006158,
    "name": "Jannie Combs",
    "createdBy": "nostrud274",
    "appType": "C",
    "curp": "BOXW310820HNERXN09"
  },
  {
    "transId": "U20150915005874204",
    "appDate": "06/18/2015 10:57 am",
    "orderNo": 509159001760,
    "name": "Wise Middleton",
    "createdBy": "tempor850",
    "appType": "C",
    "curp": "BOXW310820HNERXN09"
  },
  {
    "transId": "U20150915005874868",
    "appDate": "07/29/2015 01:02 pm",
    "orderNo": 509159008582,
    "name": "Sheila Huber",
    "createdBy": "sunt372",
    "appType": "P",
    "curp": "BOXW310820HNERXN09"
  },
  {
    "transId": "U20150915005874484",
    "appDate": "04/20/2015 04:48 pm",
    "orderNo": 509159007071,
    "name": "Sharron Walton",
    "createdBy": "adipisicing281",
    "appType": "P",
    "curp": "BOXW310820HNERXN09"
  },
  {
    "transId": "U20150915005874468",
    "appDate": "01/15/2015 02:16 pm",
    "orderNo": 509159009739,
    "name": "John Mejia",
    "createdBy": "anim209",
    "appType": "P",
    "curp": "BOXW310820HNERXN09"
  },
  {
    "transId": "U20150915005874236",
    "appDate": "07/27/2015 03:17 am",
    "orderNo": 509159008051,
    "name": "Donna Roach",
    "createdBy": "nostrud828",
    "appType": "P",
    "curp": "BOXW310820HNERXN09"
  },
  {
    "transId": "U20150915005874292",
    "appDate": "08/09/2015 02:40 am",
    "orderNo": 509159001762,
    "name": "Ferrell Shannon",
    "createdBy": "et971",
    "appType": "C",
    "curp": "BOXW310820HNERXN09"
  },
  {
    "transId": "U20150915005874830",
    "appDate": "05/02/2015 04:30 am",
    "orderNo": 509159002714,
    "name": "Brock Hinton",
    "createdBy": "officia585",
    "appType": "C",
    "curp": "BOXW310820HNERXN09"
  },
  {
    "transId": "U20150915005874604",
    "appDate": "04/28/2015 04:06 pm",
    "orderNo": 509159009373,
    "name": "Luann Owen",
    "createdBy": "ipsum444",
    "appType": "P",
    "curp": "BOXW310820HNERXN09"
  },
  {
    "transId": "U20150915005874560",
    "appDate": "02/24/2015 12:52 pm",
    "orderNo": 509159001799,
    "name": "Maryann Macdonald",
    "createdBy": "enim566",
    "appType": "P",
    "curp": "BOXW310820HNERXN09"
  },
  {
    "transId": "U20150915005874244",
    "appDate": "06/27/2015 04:01 am",
    "orderNo": 509159004035,
    "name": "Burris Lambert",
    "createdBy": "minim463",
    "appType": "C",
    "curp": "BOXW310820HNERXN09"
  },
  {
    "transId": "U20150915005874624",
    "appDate": "04/29/2015 02:05 pm",
    "orderNo": 509159007182,
    "name": "Noel Shepherd",
    "createdBy": "ad383",
    "appType": "P",
    "curp": "BOXW310820HNERXN09"
  },
  {
    "transId": "U20150915005874384",
    "appDate": "10/02/2015 09:35 am",
    "orderNo": 509159005025,
    "name": "Mcintyre Velazquez",
    "createdBy": "velit609",
    "appType": "C",
    "curp": "BOXW310820HNERXN09"
  },
  {
    "transId": "U20150915005874736",
    "appDate": "05/03/2015 11:44 pm",
    "orderNo": 509159007547,
    "name": "Mindy Fry",
    "createdBy": "ea595",
    "appType": "P",
    "curp": "BOXW310820HNERXN09"
  },
  {
    "transId": "U20150915005874904",
    "appDate": "06/17/2015 11:34 pm",
    "orderNo": 509159009365,
    "name": "Bright Horne",
    "createdBy": "anim191",
    "appType": "C",
    "curp": "BOXW310820HNERXN09"
  },
  {
    "transId": "U20150915005874444",
    "appDate": "07/04/2015 12:22 pm",
    "orderNo": 509159005272,
    "name": "Augusta Whitaker",
    "createdBy": "magna252",
    "appType": "P",
    "curp": "BOXW310820HNERXN09"
  },
  {
    "transId": "U20150915005874504",
    "appDate": "09/02/2015 11:36 pm",
    "orderNo": 509159001402,
    "name": "Page Wilkinson",
    "createdBy": "reprehenderit189",
    "appType": "C",
    "curp": "BOXW310820HNERXN09"
  },
  {
    "transId": "U20150915005874590",
    "appDate": "01/04/2015 09:25 am",
    "orderNo": 509159006871,
    "name": "Megan Rhodes",
    "createdBy": "ad833",
    "appType": "C",
    "curp": "BOXW310820HNERXN09"
  },
  {
    "transId": "U20150915005874556",
    "appDate": "05/08/2015 10:41 pm",
    "orderNo": 509159009774,
    "name": "Lourdes Fuentes",
    "createdBy": "occaecat874",
    "appType": "P",
    "curp": "BOXW310820HNERXN09"
  },
  {
    "transId": "U20150915005874936",
    "appDate": "06/21/2015 04:59 am",
    "orderNo": 509159005724,
    "name": "Lang Houston",
    "createdBy": "officia159",
    "appType": "C",
    "curp": "BOXW310820HNERXN09"
  },
  {
    "transId": "U20150915005874210",
    "appDate": "06/22/2015 01:59 am",
    "orderNo": 509159006357,
    "name": "Coleen Emerson",
    "createdBy": "elit538",
    "appType": "C",
    "curp": "BOXW310820HNERXN09"
  },
  {
    "transId": "U20150915005874916",
    "appDate": "06/24/2015 02:29 am",
    "orderNo": 509159006095,
    "name": "Elisabeth Tyson",
    "createdBy": "non646",
    "appType": "P",
    "curp": "BOXW310820HNERXN09"
  },
  {
    "transId": "U20150915005874932",
    "appDate": "10/11/2015 10:18 pm",
    "orderNo": 509159008279,
    "name": "Iris Thornton",
    "createdBy": "minim839",
    "appType": "C",
    "curp": "BOXW310820HNERXN09"
  },
  {
    "transId": "U20150915005874796",
    "appDate": "07/20/2015 06:55 pm",
    "orderNo": 509159008441,
    "name": "Phelps Soto",
    "createdBy": "cupidatat827",
    "appType": "P",
    "curp": "BOXW310820HNERXN09"
  },
  {
    "transId": "U20150915005874824",
    "appDate": "02/10/2015 06:50 am",
    "orderNo": 509159009474,
    "name": "Suzette Day",
    "createdBy": "laboris486",
    "appType": "P",
    "curp": "BOXW310820HNERXN09"
  },
  {
    "transId": "U20150915005874784",
    "appDate": "10/07/2015 11:51 am",
    "orderNo": 509159008482,
    "name": "Rita Gill",
    "createdBy": "aliquip611",
    "appType": "P",
    "curp": "BOXW310820HNERXN09"
  },
  {
    "transId": "U20150915005874296",
    "appDate": "10/09/2015 10:39 am",
    "orderNo": 509159001722,
    "name": "Browning Hess",
    "createdBy": "quis450",
    "appType": "C",
    "curp": "BOXW310820HNERXN09"
  },
  {
    "transId": "U20150915005874130",
    "appDate": "08/08/2015 09:34 pm",
    "orderNo": 509159004424,
    "name": "Sherman Burton",
    "createdBy": "est293",
    "appType": "C",
    "curp": "BOXW310820HNERXN09"
  },
  {
    "transId": "U20150915005874060",
    "appDate": "06/13/2015 11:08 pm",
    "orderNo": 509159005737,
    "name": "Erickson Mccray",
    "createdBy": "enim942",
    "appType": "C",
    "curp": "BOXW310820HNERXN09"
  },
  {
    "transId": "U20150915005874990",
    "appDate": "03/01/2015 02:52 pm",
    "orderNo": 509159009322,
    "name": "Verna Hamilton",
    "createdBy": "deserunt668",
    "appType": "P",
    "curp": "BOXW310820HNERXN09"
  },
  {
    "transId": "U20150915005874556",
    "appDate": "07/14/2015 11:09 pm",
    "orderNo": 509159007668,
    "name": "Geneva Stone",
    "createdBy": "aliqua197",
    "appType": "P",
    "curp": "BOXW310820HNERXN09"
  },
  {
    "transId": "U20150915005874108",
    "appDate": "10/29/2015 07:01 pm",
    "orderNo": 509159007814,
    "name": "Mullen Hensley",
    "createdBy": "voluptate404",
    "appType": "P",
    "curp": "BOXW310820HNERXN09"
  },
  {
    "transId": "U20150915005874904",
    "appDate": "02/21/2015 09:57 pm",
    "orderNo": 509159006714,
    "name": "Agnes Mcclain",
    "createdBy": "exercitation730",
    "appType": "C",
    "curp": "BOXW310820HNERXN09"
  },
  {
    "transId": "U20150915005874548",
    "appDate": "06/29/2015 11:13 pm",
    "orderNo": 509159007178,
    "name": "Jones Henry",
    "createdBy": "dolore716",
    "appType": "C",
    "curp": "BOXW310820HNERXN09"
  },
  {
    "transId": "U20150915005874536",
    "appDate": "08/04/2015 02:51 am",
    "orderNo": 509159009245,
    "name": "Erika Lindsey",
    "createdBy": "aute355",
    "appType": "C",
    "curp": "BOXW310820HNERXN09"
  },
  {
    "transId": "U20150915005874668",
    "appDate": "04/19/2015 03:15 am",
    "orderNo": 509159005169,
    "name": "Jackson Ryan",
    "createdBy": "tempor177",
    "appType": "C",
    "curp": "BOXW310820HNERXN09"
  },
  {
    "transId": "U20150915005874412",
    "appDate": "03/18/2015 03:15 am",
    "orderNo": 509159006498,
    "name": "Pennington Mccormick",
    "createdBy": "culpa767",
    "appType": "C",
    "curp": "BOXW310820HNERXN09"
  },
  {
    "transId": "U20150915005874504",
    "appDate": "04/30/2015 11:54 pm",
    "orderNo": 509159008532,
    "name": "David Aguirre",
    "createdBy": "dolor251",
    "appType": "P",
    "curp": "BOXW310820HNERXN09"
  },
  {
    "transId": "U20150915005874412",
    "appDate": "09/12/2015 12:28 am",
    "orderNo": 509159008086,
    "name": "Jeannette Hart",
    "createdBy": "dolore602",
    "appType": "C",
    "curp": "BOXW310820HNERXN09"
  },
  {
    "transId": "U20150915005874160",
    "appDate": "07/22/2015 08:34 am",
    "orderNo": 509159002795,
    "name": "Tameka Morin",
    "createdBy": "minim993",
    "appType": "P",
    "curp": "BOXW310820HNERXN09"
  },
  {
    "transId": "U20150915005874804",
    "appDate": "07/23/2015 05:10 am",
    "orderNo": 509159008345,
    "name": "Joan Mcdonald",
    "createdBy": "anim641",
    "appType": "C",
    "curp": "BOXW310820HNERXN09"
  },
  {
    "transId": "U20150915005874516",
    "appDate": "03/04/2015 10:42 am",
    "orderNo": 509159007465,
    "name": "Tonya Randall",
    "createdBy": "minim312",
    "appType": "P",
    "curp": "BOXW310820HNERXN09"
  },
  {
    "transId": "U20150915005874916",
    "appDate": "01/08/2015 02:23 pm",
    "orderNo": 509159002830,
    "name": "Stacie Barnes",
    "createdBy": "voluptate444",
    "appType": "C",
    "curp": "BOXW310820HNERXN09"
  },
  {
    "transId": "U20150915005874384",
    "appDate": "09/12/2015 02:51 pm",
    "orderNo": 509159005933,
    "name": "Collins Moreno",
    "createdBy": "voluptate640",
    "appType": "C",
    "curp": "BOXW310820HNERXN09"
  }
]
