{
  "applicantDataList": [
    {
      "applicantId": "290662250",
      "applicationReferenceId": "E1927182",
      "creditType": "Less than 580",
      "currentAddressType": "Neither",
      "dateOfBirth": "1956-06-28T00:00:00.000Z",
      "eddnIndicator": "false",
      "emailAddress": "ewk828@ingqa.com",
      "firstName": "Stan",
      "isSubmissionComplete": "true",
      "lastName": "Tennant",
      "livedSince": "2000-05-01T00:00:00.000Z",
      "loanAmount": "160000.0000",
      "maritalStatus": "Unmarried",
      "noOfDependentsClaimed": "0",
      "personalBankruptcyIndicator": "false",
      "personalBankruptcyYearsAgo": "0",
      "productDescription": "15-Year Fixed Rate Mortgage",
      "propertyForeClosureIndicator": "false",
      "residencyStatus": "Permanent Resident Alien",
      "ssn": "351-13-2269",
      "ssoId": "",
      "status": "Active",
      "type": "applicant",
      "yearsOfSchoolCompleted": "0"
    },
    {
      "applicantId": "290662250",
      "applicationReferenceId": "E1627181",
      "creditType": "Less than 580",
      "currentAddressType": "Neither",
      "dateOfBirth": "1956-06-28T00:00:00.000Z",
      "eddnIndicator": "true",
      "emailAddress": "ewk828@ingqa.com",
      "firstName": "Stan",
      "isSubmissionComplete": "true",
      "lastName": "Tennant",
      "livedSince": "2000-05-01T00:00:00.000Z",
      "loanAmount": "160000.0000",
      "maritalStatus": "Unmarried",
      "noOfDependentsClaimed": "0",
      "personalBankruptcyIndicator": "false",
      "personalBankruptcyYearsAgo": "0",
      "productDescription": "15-Year Fixed Rate Mortgage",
      "propertyForeClosureIndicator": "false",
      "residencyStatus": "Permanent Resident Alien",
      "ssn": "351-13-2269",
      "ssoId": "",
      "status": "Active",
      "type": "applicant",
      "yearsOfSchoolCompleted": "0"
    },
    {
      "applicantId": "290662250",
      "applicationReferenceId": "E1527178",
      "creditType": "Less than 580",
      "currentAddressType": "Neither",
      "dateOfBirth": "1956-06-28T00:00:00.000Z",
      "eddnIndicator": "false",
      "emailAddress": "ewk828@ingqa.com",
      "firstName": "Stan",
      "isSubmissionComplete": "true",
      "lastName": "Tennant",
      "livedSince": "2000-05-01T00:00:00.000Z",
      "loanAmount": "160000.0000",
      "maritalStatus": "Unmarried",
      "noOfDependentsClaimed": "0",
      "personalBankruptcyIndicator": "false",
      "personalBankruptcyYearsAgo": "0",
      "productDescription": "15-Year Fixed Rate Mortgage",
      "propertyForeClosureIndicator": "false",
      "residencyStatus": "Permanent Resident Alien",
      "ssn": "351-13-2269",
      "ssoId": "",
      "status": "Active",
      "type": "applicant",
      "yearsOfSchoolCompleted": "0"
    },
    {
      "applicantId": "290662250",
      "applicationReferenceId": "E1227177",
      "creditType": "Less than 580",
      "currentAddressType": "Neither",
      "dateOfBirth": "1956-06-28T00:00:00.000Z",
      "eddnIndicator": "true",
      "emailAddress": "ewk828@ingqa.com",
      "firstName": "Stan",
      "isSubmissionComplete": "true",
      "lastName": "Tennant",
      "livedSince": "2000-05-01T00:00:00.000Z",
      "loanAmount": "160000.0000",
      "maritalStatus": "Unmarried",
      "noOfDependentsClaimed": "0",
      "personalBankruptcyIndicator": "false",
      "personalBankruptcyYearsAgo": "0",
      "productDescription": "15-Year Fixed Rate Mortgage",
      "propertyForeClosureIndicator": "false",
      "residencyStatus": "Permanent Resident Alien",
      "ssn": "351-13-2269",
      "ssoId": "",
      "status": "Active",
      "type": "applicant",
      "yearsOfSchoolCompleted": "0"
    }
  ],
  "digitalProfileInformations": [
    {
      "customerLock": "LOCKED",
      "email": "stan.tennant@fakecaponeemail.com",
      "fraudLock": "UNLOCKED",
      "lob": [
        "LOGN"
      ],
      "lobStr": "LOGN",
      "lockStatuses": [
        {
          "failureCount": "0",
          "lockStatus": "UNLOCKED",
          "lockType": "PROFILE"
        },
        {
          "failureCount": "",
          "lockStatus": "UNLOCKED",
          "lockType": "FRAUD",
          "servicingPlatformCode": ""
        },
        {
          "failureCount": "0",
          "lockStatus": "UNLOCKED",
          "lockType": "CUSTOMER"
        }
      ],
      "profileLock": "UNLOCKED",
      "ssoId": "d49639175d6d3bbb8fe146465f41bff21",
      "userId": "uowiiubal"
    },
    {
      "customerLock": "LOCKED",
      "email": "stan.tennant@fakecaponeemail.com",
      "fraudLock": "UNLOCKED",
      "lob": [
        "LOGN"
      ],
      "lobStr": "LOGN",
      "lockStatuses": [
        {
          "failureCount": "0",
          "lockStatus": "UNLOCKED",
          "lockType": "PROFILE"
        },
        {
          "failureCount": "",
          "lockStatus": "UNLOCKED",
          "lockType": "FRAUD",
          "servicingPlatformCode": ""
        },
        {
          "failureCount": "0",
          "lockStatus": "UNLOCKED",
          "lockType": "CUSTOMER"
        }
      ],
      "profileLock": "UNLOCKED",
      "ssoId": "d49639175d6d3bbb8fe146465f41bff22",
      "userId": "uowiiubal"
    },
    {
      "customerLock": "LOCKED",
      "email": "stan.tennant@fakecaponeemail.com",
      "fraudLock": "UNLOCKED",
      "lob": [
        "LOGN"
      ],
      "lobStr": "LOGN",
      "lockStatuses": [
        {
          "failureCount": "0",
          "lockStatus": "UNLOCKED",
          "lockType": "PROFILE"
        },
        {
          "failureCount": "",
          "lockStatus": "UNLOCKED",
          "lockType": "FRAUD",
          "servicingPlatformCode": ""
        },
        {
          "failureCount": "0",
          "lockStatus": "UNLOCKED",
          "lockType": "CUSTOMER"
        }
      ],
      "profileLock": "UNLOCKED",
      "ssoId": "d49639175d6d3bbb8fe146465f41bff23",
      "userId": "uowiiubal"
    }
  ]
}