[
    {
      "contactPointId": "FFG/fWL8WoEYpa0N75jjoDKurkPRmcN+4bQjJS6DPFg=",
      "contactPointNickname": "Wallet_1437574212",
      "primaryIndicator": false,
      "contactPointStatus": "Active",
      "mobileNotificationContactPoint":          {
        "mobileDeviceToken": "APA91bGFgmaF2flrpLOAavC6G3urP5cxRiQhiwai46PZoGAM5AQWdWclHQSloF69BAtZw1hC79p48ExguPnf_JkIAjNQDhkOSK4Z3ek6J5kWGziOWJKHQPGv9raRV-Q7WlPa6F2C2eiNnTpnX8LzOXw_tK83NHCuWA",
        "mobileApplicationId": "WALLET ANDROID PHONE"
      },
      "lastModifiedSourceCode": ""
    },
    {
      "contactPointId": "FFG/fWL8WoEYpa0N75jjoGJvRqpBZ23f9yTqSpTZBfo=",
      "primaryIndicator": true,
      "contactPointStatus": "Active",
      "emailContactPoint":          {
        "emailAddress": "liang.lu@capitalone.com",
        "emailMessageFormat": "HTML"
      },
      "lastModifiedSourceCode": ""
    },
    {
      "contactPointId": "FFG/fWL8WoEYpa0N75jjoJQ+lGMZQnQscwB9mIXoh0g=",
      "contactPointNickname": "Wallet_1436906217",
      "primaryIndicator": false,
      "contactPointStatus": "Active",
      "mobileNotificationContactPoint":          {
        "mobileDeviceToken": "APA91bEivOBfuuueregxzxCENxgkmqTDl6Z4nHwNJ3vrFGdKTB4MsUDXJK9qGRNFWkEBrFeS_0yCPdIcr-ZdfUa072_dixiQ-GV0Z82ZsBenZD8qJX7bIWzSPeV_vPwQ29jiWpAE-Qrp9xV2XWsVxHTKgjPE2ft6sA",
        "mobileApplicationId": "WALLET ANDROID PHONE"
      },
      "lastModifiedSourceCode": ""
    },
    {
      "contactPointId": "FFG/fWL8WoEYpa0N75jjoLNXFXzcETIGkgPGUH6kjR0=",
      "contactPointNickname": "Wallet_1436969161",
      "primaryIndicator": false,
      "contactPointStatus": "Active",
      "mobileNotificationContactPoint":          {
        "mobileDeviceToken": "APA91bGsY77Ofd87G8eceGhrC2__CTzNSJjUe4OaL2FWpdLtGaRa4Js7abphfsS4EdvIxRdZNJFl5-chcPlWZv6yNbfD9RMD3mZG44Z4HWH2NocuWkhRUR30ml36vBzbHuli5eTmTgz7ibAUAc6T8JKykT-Wjx1ysQ",
        "mobileApplicationId": "WALLET ANDROID PHONE"
      },
      "lastModifiedSourceCode": ""
    },
    {
      "contactPointId": "FFG/fWL8WoEYpa0N75jjoOLg/ZVlht8SHT5QLTsE01E=",
      "contactPointNickname": "Wallet_1437072498",
      "primaryIndicator": false,
      "contactPointStatus": "Active",
      "mobileNotificationContactPoint":          {
        "mobileDeviceToken": "APA91bGYSZjiTYVp2tpF43UBpUMu2LbNG3H4mCWRwPcqBZoiR8utYO4zcGqlnS6zhJ9fKrA-1OlnYZtj8C80FhhpvK1N_xFjIInHqXG_uKQQetF1617qLO9JnqxFxlhpbz_zaRcueFZzRx6jWn6l0rT7IbpIyj6f8A",
        "mobileApplicationId": "WALLET ANDROID PHONE"
      },
      "lastModifiedSourceCode": ""
    },
    {
      "contactPointId": "FFG/fWL8WoEYpa0N75jjoDun1yAOzOQyJp9U8CkHAGE=",
      "contactPointNickname": "Wallet_1437420904",
      "primaryIndicator": false,
      "contactPointStatus": "Active",
      "mobileNotificationContactPoint":          {
        "mobileDeviceToken": "APA91bE_ZVeY6CbsjKHJmyOeq-ZSBRbenkDDhe4eRxFrNpqkNn8LtLYTmywoALFiwWjWzFSqv-da7KsexzzQS6Z6_pZB8liNB122Z63m9_nH-SL3dgTA9hgPvNt4ss3bUPaM4v1orXaxNepB1fq1c_nivcNEUIec2g",
        "mobileApplicationId": "WALLET ANDROID PHONE"
      },
      "lastModifiedSourceCode": ""
    },
    {
      "contactPointId": "FFG/fWL8WoEYpa0N75jjoF1OjfT6Co3tI3KLFsbV50A=",
      "contactPointNickname": "ca_android_4d36a2e11ec56614",
      "primaryIndicator": false,
      "contactPointStatus": "Unassigned",
      "mobileNotificationContactPoint":          {
        "mobileDeviceToken": "APA91bExSr9niDi6FcmTFeeD4mUR-iSKYrsiDZVbTvCILeLipOV80lbnD4CCyL2NzVFc-JFrHmgZHU7QRJ7LcPPSTeYk9n3oS0Bj9BTiT3NWdq6E9oMC1n7CGFCN5WOCOIv8l9OjD4KfNa7XgwIPQhqB6j3lx9W0HQ",
        "mobileApplicationId": "CA_WALT ANDRD PHN"
      },
      "lastModifiedSourceCode": ""
    },
    {
      "contactPointId": "FFG/fWL8WoEYpa0N75jjoIfWh9IfOkqQPJNodmZUDbA=",
      "contactPointNickname": "ca_ios_7e5iPNrDS7KoYI0Px0faLg==",
      "primaryIndicator": false,
      "contactPointStatus": "Active",
      "mobileNotificationContactPoint":          {
        "mobileDeviceToken": "dad1aaf37d97ca993f6ecb84564ad7c99e92a7832c2baf854513b76146bbd381",
        "mobileApplicationId": "CA_WALT IOS PHN"
      },
      "lastModifiedSourceCode": ""
    },
    {
      "contactPointId": "FFG/fWL8WoEYpa0N75jjoL/GY/wq59X1rIgRavvLO0k=",
      "contactPointNickname": "ca_ios_9PavMUM8QJ2GwDSdzHyMWA==",
      "primaryIndicator": false,
      "contactPointStatus": "Unassigned",
      "mobileNotificationContactPoint":          {
        "mobileDeviceToken": "67925a2e8b41b958b7af56db3ad97f15b26de95a3e629b24514c32b50a7241d2",
        "mobileApplicationId": "CA_WALT IOS PHN"
      },
      "lastModifiedSourceCode": ""
    },
    {
      "contactPointId": "FFG/fWL8WoEYpa0N75jjoISK2bLcQ6s9/9KLoVtBGQU=",
      "contactPointNickname": "ca_and_6fa08ce627fe30ca",
      "primaryIndicator": false,
      "contactPointStatus": "Active",
      "mobileNotificationContactPoint":          {
        "mobileDeviceToken": "APA91bERhHBsMhe-xG9LOVR1hZyfZm3aEaKm1Ch0iPiv_GpWpjnKA29pPoGO-6myqLuS5p7QHbW4zdEZLgJlYJ_o5Q9pYFMNs8Dj0GheSPGEOyTFfjB8DQBRF4MJ2A7dVmxYsLondyjaAasRLfsT1DwPs6nXe9aayA",
        "mobileApplicationId": "CA_WALT ANDRD PHN"
      },
      "lastModifiedSourceCode": ""
    },
    {
      "contactPointId": "FFG/fWL8WoEYpa0N75jjoAD6zcX/MBn2O6EDhHuhSgU=",
      "contactPointNickname": "ca_ios_qydhwghaQUOMS7sSY3jRQw==",
      "primaryIndicator": false,
      "contactPointStatus": "Active",
      "mobileNotificationContactPoint":          {
        "mobileDeviceToken": "65ba8ede451fecbb1671cf8c0f26b757a3d06a4e98c1a6a25f4f5f1756db27b9",
        "mobileApplicationId": "CA_WALT IOS PHN"
      },
      "lastModifiedSourceCode": ""
    },
    {
      "contactPointId": "FFG/fWL8WoEYpa0N75jjoI6q8AKXPbBlt7knvdHc6Yk=",
      "contactPointNickname": "ca_ios_YkmwGOP5QL60cQkwZ8kXUg==",
      "primaryIndicator": false,
      "contactPointStatus": "Active",
      "mobileNotificationContactPoint":          {
        "mobileDeviceToken": "557647a7aca5e6f8f8b73dfe3e306304af565bfacefc794a17a7c1ac7caff442",
        "mobileApplicationId": "CA_WALT IOS PHN"
      },
      "lastModifiedSourceCode": "CST",
      "lastModifiedTimeStamp": "2016-06-30T18:50:50.856Z"
    },
    {
      "contactPointId": "FFG/fWL8WoEYpa0N75jjoItJq4151QFjJJb4JtTh9P8=",
      "contactPointNickname": "ca_ios_DzIL++RmRC2zPluubONrmw==",
      "primaryIndicator": false,
      "contactPointStatus": "Active",
      "mobileNotificationContactPoint":          {
        "mobileDeviceToken": "56ecbb6cc14921acb014f1431d6e56eeec45ad7b5ef442585f3b3d42a62ae5dd",
        "mobileApplicationId": "CA_WALT IOS PHN"
      },
      "lastModifiedSourceCode": ""
    },
    {
      "contactPointId": "FFG/fWL8WoEYpa0N75jjoEvoEI9eZsyzLI2OXJmTwcw=",
      "contactPointNickname": "ca_and_369f6b5bcca1f47c",
      "primaryIndicator": false,
      "contactPointStatus": "Active",
      "mobileNotificationContactPoint":          {
        "mobileDeviceToken": "APA91bErznZVFGP_a0UwM9WUxssHLimFwbJcW8OHv68gDI2fof0JKSSDR52k0P9X9cyoC6wt_SafrwEQSgjpVJfE3602H0PFjNtBhiKudpDBJmkVGmU8gD9fuqoqDSbT_kaGw-cxpcmIxEBflnI7XyKvWpRoIhs1SQ",
        "mobileApplicationId": "CA_WALT ANDRD PHN"
      },
      "lastModifiedSourceCode": ""
    }
  ]
