{
  "applicantDataList":[
    {
      "applicantId":"290545157",
      "applicationReferenceIds":"E1128989",
      "creditType":"Less than 580",
      "currentAddressType":"Neither",
      "dateOfBirth":"1972-03-15T00:00:00.000Z",
      "eddnIndicator":"true",
      "emailAddress":"skhandekar@gmail.com",
      "firstName":"kate",
      "isSubmissionComplete":"true",
      "lastName":"Bosh",
      "livedSince":"2006-10-01T00:00:00.000Z",
      "loanAmount":"100000.0000",
      "maritalStatus":"Married",
      "noOfDependentsClaimed":"2",
      "personalBankruptcyIndicator":"true",
      "personalBankruptcyYearsAgo":"2",
      "productDescription":"Home Equity",
      "propertyForeClosureIndicator":"true",
      "residencyStatus":"Permanent Resident Alien",
      "ssn":"239-87-1234",
      "ssoId":"",
      "status":"Active",
      "type":"applicant",
      "yearsOfSchoolCompleted":"4"
    },
    {
      "applicantId":"290545158",
      "applicationReferenceIds":"E1928991",
      "creditType":"Less than 581",
      "currentAddressType":"Nor",
      "dateOfBirth":"1972-03-15T00:00:00.000Z",
      "eddnIndicator":"false",
      "emailAddress":"skhandekar@yahoo.com",
      "firstName":"Bob",
      "isSubmissionComplete":"true",
      "lastName":"Wilson",
      "livedSince":"2006-10-01T00:00:00.000Z",
      "loanAmount":"100001.0001",
      "maritalStatus":"Unmarried",
      "noOfDependentsClaimed":"0",
      "personalBankruptcyIndicator":"false",
      "personalBankruptcyYearsAgo":"0",
      "productDescription":"Loan ",
      "propertyForeClosureIndicator":"false",
      "residencyStatus":"Citizen",
      "ssn":"239-87-9876",
      "ssoId":"",
      "status":"Active",
      "type":"applicant",
      "yearsOfSchoolCompleted":"6"
    }
  ],
  "digitalProfileInformations":[

    {
      "email":"sathiesh.sreedhar@capitalone.com",
      "lob": "LOGN/CREDICARDS",
      "profileLockType":"UNLOCKED",
      "fraudLockType":"LOCKED",
      "customerLockType":"UNLOCKED",
      "ssoId":"001",
      "userId":"001"
    },
    {
      "email":"sathiesh.sreedhar@capitalone.com",
      "lob": "LOGN/CREDICARDS",
      "profileLockType":"LOCKED",
      "fraudLockType":"UNLOCKED",
      "customerLockType":"UNLOCKED",
      "ssoId":"002",
      "userId":"002"
    },
    {
      "email":"sathiesh.sreedhar@capitalone.com",
      "lob": "LOGN/CREDICARDS",
      "profileLockType":"LOCKED",
      "fraudLockType":"LOCKED",
      "customerLockType":"LOCKED",
      "ssoId":"003",
      "userId":"003"
    }
  ]
}