[
	{
		"accesstypeId":"1",
		"applicationName":"Titan",
        "appl_id":"1",
        "attribute1":"Add",
        "attribute2":"test",
        "attribute3":"test",
        "attribute4":"test"
		
	},
    {
	    "accesstypeId":"1",
		"applicationName":"CLO",
         "appl_id":"1",
        "attribute1":"Save",
        "attribute2":"test",
        "attribute3":"test",
        "attribute4":"test"
	},
      {
	    "accesstypeId":"1",
		"applicationName":"Shaw Retail ",
        "appl_id":"1",
        "attribute1":"Delete",
        "attribute2":"test",
        "attribute3":"test",
        "attribute4":"test"
	},
    {
		"accesstypeId":"1",
		"applicationName":"Winocular",
        "appl_id":"2",
        "attribute1":"Add",
        "attribute2":"test",
        "attribute3":"test",
        "attribute4":"test"
		
	},
    {
	    "accesstypeId":"1",
		"applicationName":"Remitco",
         "appl_id":"3",
        "attribute1":"Save",
        "attribute2":"test",
        "attribute3":"test",
        "attribute4":"test"
	},
      {
	    "accesstypeId":"1",
		"applicationName":"Shaw Retail ",
        "appl_id":"4",
        "attribute1":"Delete",
        "attribute2":"test",
        "attribute3":"test",
        "attribute4":"test"
	}

]