[
  {
    "applicationId": 1,
    "permId": 0,
    "roleDesc": "PST_Associate",
    "roleId": 1,
    "roleName": "PST_Associate",
    "is_virtual": true,
    "acc_level":"Read,Add,Delete"
  },
  {
    "applicationId": 1,
    "permId": 0,
    "roleDesc": "PST_Supervisor",
    "roleId": 2,
    "roleName": "PST_Supervisor",
    "acc_level":"Add,Update,Delete",
    "is_virtual":true
  },
  {
    "applicationId": 1,
    "permId": 0,
    "roleDesc": "CLO_Process Monitoring",
    "roleId": 4,
    "roleName": "CLO_Process Monitoring",
    "acc_level":"Read,Delete",
    "is_virtual": false
  },
  {
    "applicationId": 1,
    "permId": 0,
    "roleDesc": "Capital One-Loss Mitigation",
    "roleId": 24,
    "roleName": "Capital One-Loss Mitigation",
    "acc_level":"Read",
    "is_virtual": false
  },
  {
    "applicationId": 1,
    "permId": 0,
    "roleDesc": "FileOnQ",
    "roleId": 25,
    "roleName": "FileOnQ",
     "acc_level":"Read,Delete",
    "is_virtual": false
  },
  {
    "applicationId": 1,
    "permId": 0,
    "roleDesc": "Winocular",
    "roleId": 26,
    "roleName": "Winocular",
    "acc_level":"Delete",
    "is_virtual": false
  },
  {
    "applicationId": 8,
    "permId": 0,
    "roleDesc": "SEUS S105",
    "roleId": 32,
    "roleName": "SEUS S105",
    "is_virtual": false
  },
  {
    "applicationId": 8,
    "permId": 0,
    "roleDesc": "SEAR S003",
    "roleId": 33,
    "roleName": "SEAR S003",
    "acc_level":"Read,Delete",
    "is_virtual": false
  },
  {
    "applicationId": 8,
    "permId": 0,
    "roleDesc": "SESS S101",
    "roleId": 34,
    "roleName": "SESS S101",
    "acc_level":"Read,Delete",
    "is_virtual": false
  }
]