[
    {		
         "id": "1",		
         "name": "Permission 1",		
         "application": "App 1",		
         "description": "Description of Permission 1"		
     },		
     {		
         "id": "2",		
         "name": "Permission 2",		
         "application": "App 2",		
         "description": "Description of Permission 2"		
     },		
     {		
         "id": "3",		
         "name": "Permission 3",		
         "application": "App 3",		
         "description": "Description of Permission 3"		
     },		
     {		
         "id": "4",		
         "name": "Permission 4",		
         "application": "App 4",		
         "description": "Description of Permission 4"		
     }
]