[
  {
    "permId": "1",
    "permName": "Save",
    "permDesc": "Save permission details",
    "application": {
        "applicationId": "1",
        "applicationName": "Titan"
    },
    "acc_level":"Read,Add,Delete",
    "creatorId":"RXD428",
    "createDate":"2017-01-27",
    "creatorFullName":"Michael Gonzalez"
  },
  {
    "permId": "2",
    "permName": "Edit",
    "permDesc": "Edit permission",
    "application": {
        "applicationId": "1",
        "applicationName": "Titan"
    },
    "acc_level":"Add,Update,Delete",
    "creatorId":"RXD428",
    "createDate":"2017-01-27",
    "creatorFullName":"Michael Gonzalez"
  },
  {
    "permId": "3",
    "permName": "Delete",
    "permDesc": "Delete permission",
    "application": {
        "applicationId": "1",
        "applicationName": "Titan"
    },
    "acc_level":"Read,Delete",
    "creatorId":"RXD428",
    "createDate":"2017-01-27",
    "creatorFullName":"Michael Gonzalez"
  },
  {
    "permId": "4",
    "permName": "View",
    "permDesc": "View permission",
    "application": {
        "applicationId": "1",
        "applicationName": "Titan"
    },
    "acc_level":"Read",
    "creatorId":"RXD428",
    "createDate":"2017-01-27",
    "creatorFullName":"Michael Gonzalez"
  },
  {
    "permId": "5",
    "permName": "Edit selected",
    "permDesc": "Allow edit based on the access",
    "application": {
        "applicationId": "1",
        "applicationName": "Titan"
    },
    "acc_level":"Read,Delete",
    "creatorId":"RXD428",
    "createDate":"2017-01-27",
    "creatorFullName":"Michael Gonzalez"
  },
  {
    "permId": "6",
    "permName": "Delete selected",
    "permDesc": "Delete based on access",
    "application": {
        "applicationId": "1",
        "applicationName": "Titan"
    },
    "acc_level":"Delete",
    "creatorId":"RXD428",
    "createDate":"2017-01-27",
    "creatorFullName":"Michael Gonzalez"
  }
]