[
	{
		"roleId":"1",
		"roleName":"role1",
		"roleDesc":"role desc1",
		"lobName":"COAF",
		"lobId":"1",
		"applicationId":"1",
		"creatorId":"RXD428",
		"createDate":"2017-02-01",
		"creatorFullName":"Rakesh Singrikonda",
		"updatorId":"JSB666",
		"updateDate":"2017-02-02",
		"updatorFullName":"Michael Gonzalez",
		"isVirtual": true
	},
    {
		"roleId":"2",
		"roleName":"role1",
		"roleDesc":"role desc 2",
		"lobName":"COAF",
		"lobId":"1",
		"applicationId":"2",
		"creatorId":"RXD428",
		"createDate":"2017-02-01",
		"creatorFullName":"Rakesh Singrikonda",
		"updatorId":"JSB666",
		"updateDate":"2017-02-02",
		"updatorFullName":"Michael Gonzalez"
	}
]