[  
   {  
      "createDate":"2017-02-01T00:00:00-06:00",
      "creatorId":"RXD428",
      "lineOfBusiness": {
         "lobId": 0,
         "lobName": "COAF"
      },
      "permissionLevels": [ {
         "permLevelName": "Add"
      },{
         "permLevelName": "Update"
      },{
         "permLevelName": "Delete"
      }
      ],
      "taskDesc":"Processing payments by wire transfer",
      "taskId":15,
      "taskName":"Process Payments"
   },
   {  
      "createDate":"2017-02-02T00:00:00-06:00",
      "creatorId":"RXD428",
      "lineOfBusiness": {
         "lobId": 0,
         "lobName": "COAF"
      },
      "permissionLevels": [ {
         "permLevelName": "Update"
      },{
         "permLevelName": "Delete"
      }
      ],
      "taskDesc":"Processing debit collections",
      "taskId":18,
      "taskName":"Process Collections"
   },
   {  
      "createDate":"2017-02-02T00:00:00-06:00",
      "creatorId":"RXD428",
      "lineOfBusiness": {
         "lobId": 0,
         "lobName": "Home Loans"
      },
      "permissionLevels": [ {
         "permLevelName": "Update"
      },{
         "permLevelName": "Delete"
      }
      ],
      "taskDesc":"Processing debit collections",
      "taskId":18,
      "taskName":"Process Collections"
   },
   {  
      "createDate":"2017-01-17T00:00:00-06:00",
      "creatorId":"RXD428",
      "lineOfBusiness": {
         "lobId": 0,
         "lobName": "Home Loans"
      },
      "permissionLevels": [ {
         "permLevelName": "Add"
      },{
         "permLevelName": "Update"
      },{
         "permLevelName": "Delete"
      }
      ],
      "taskDesc":"Developing software applications",
      "taskId":1,
      "taskName":"Software Development"
   },
   {  
      "createDate":"2017-01-17T00:00:00-06:00",
      "creatorId":"RXD428",
      "lineOfBusiness": {
         "lobId": 0,
         "lobName": "COAF"
      },
      "permissionLevels": [ {
         "permLevelName": "Add"
      },{
         "permLevelName": "Update"
      },{
         "permLevelName": "Delete"
      }
      ],
      "taskDesc":"Developing software applications",
      "taskId":1,
      "taskName":"Software Development"
   },
   {  
      "createDate":"2017-01-17T00:00:00-06:00",
      "creatorId":"RXD428",
      "lineOfBusiness": {
         "lobId": 0,
         "lobName": "Home Loans"
      },
      "permissionLevels": [ {
         "permLevelName": "Update"
      },{
         "permLevelName": "Delete"
      }
      ],
      "taskDesc":"Process morgage payments",
      "taskId":1,
      "taskName":"Process Morgage"
   },
   {  
      "createDate":"2017-01-17T00:00:00-06:00",
      "creatorId":"RXD428",
      "lineOfBusiness": {
         "lobId": 0,
         "lobName": "Home Loans"
      },
      "permissionLevels": [ {
         "permLevelName": "Add"
      },{
         "permLevelName": "Update"
      }
      ],
      "taskDesc":"Approve morgage applications",
      "taskId":1,
      "taskName":"Approve Morgage"
   }
]

