<?xml version="1.0" encoding="UTF-8"?>
<Configuration status="DEBUG">
	<Properties>
		<Property name="log-path">${sys:jboss.server.log.dir}</Property>
	</Properties>
	<Appenders>
		<RollingFile name="RollingFile" fileName="${log-path}/icasmxrti.log"
			filePattern="icasmxrti-%d{yyyy-MM-dd}-%i.log">
			<PatternLayout>
				<pattern>%d{dd/MMM/yyyy HH:mm:ss,SSS} | %X{THREAD_NAME} | %X{TRANSACTION_ID} | %X{TRANSACTION_NAME} | %c{1}: %m%n</pattern>
			</PatternLayout>
			<Policies>
				<SizeBasedTriggeringPolicy size="50 MB" />
			</Policies>
			<DefaultRolloverStrategy max="4" />
		</RollingFile>
	</Appenders>
	<Loggers>
		<Logger name="root" level="debug" additivity="false">
			<appender-ref ref="RollingFile" level="debug" />
		</Logger>
		<Root level="debug" additivity="false">
			<AppenderRef ref="RollingFile" />
		</Root>
	</Loggers>
</Configuration>