{
    "status": {
        "success": "true",
        "errorMsg": ""
    },
    "promotions": [
        {
            "LoginType": "slid",
            "xmlSource": "Penny_Refurbs_AAL_New_DB_English_B2C",
            "promotion": "Penny_Refurbs_AAL_New_DB",
            "SlotType": "DashboardSlot",
            "LayoutType": "ImageOnly",
            "Links": [
                {
                    "LinkName": "L1",
                    "LinkType": "GraphicOnly",
                    "ActionType": "AddALine",
                    "LinkLabel": "Add a Line",
                    "LinkGraphic": "img/personalization/nike.jpg",
                    "Javascript": "onClick=\"dcsMultiTrack('DCS.dcsuri','/virtual/olam/promo','WT.mc_id','EC01K10038L00000O','DCSext.source','EC01K10038L00000O')\"",
                    "LinkUrl": "/olam/alRatePlanAction.olamexecute?event=goToAddLineTermsPage&reportActionEvent=A_ADL_ADD_A_LINE_RETR&dreferrer=null&dsource=Penny_Refurbs_AAL_New_DB"
                }
            ]
        },
        {
            "LoginType": "slid",
            "xmlSource": "Penny_Refurbs_AAL_New_DB_English_B2C",
            "promotion": "Penny_Refurbs_AAL_New_DB",
            "SlotType": "DashboardSlot",
            "LayoutType": "ImageOnly",
            "Links": [
                {
                    "LinkName": "L1",
                    "LinkType": "GraphicOnly",
                    "ActionType": "AddALine",
                    "LinkLabel": "Add a Line",
                    "LinkGraphic": "img/personalization/attAd.jpg",
                    "Javascript": "onClick=\"dcsMultiTrack('DCS.dcsuri','/virtual/olam/promo','WT.mc_id','EC01K10038L00000O','DCSext.source','EC01K10038L00000O')\"",
                    "LinkUrl": "/olam/alRatePlanAction.olamexecute?event=goToAddLineTermsPage&reportActionEvent=A_ADL_ADD_A_LINE_RETR&dreferrer=null&dsource=Penny_Refurbs_AAL_New_DB"
                }
            ]
        },
        {
            "LoginType": "uverse",
            "xmlSource": "Prime_BillPmt_Support_Uverse_ACC_English_B2C",
            "promotion": "Prime_BillPmt_Support_Uverse_ACC",
            "Title": "",
            "IntroText": "",
            "SlotType": "AccordionSlot",
            "AccordionTitle": "Bill and Payment Support",
            "LayoutType": "Links",
            "Links": [
                {
                    "LinkName": "L1",
                    "LinkType": "LabelAndFullUrl",
                    "ActionType": "",
                    "LinkLabel": "How to set up AutoPay",
                    "LinkUrl": "https://www.att.com/esupport/article.jsp?sid=KB408923#fbid=p9aJcN9ZWYZ&dreferrer=null&dsource=Prime_BillPmt_Support_Uverse_ACC"
                },
                {
                    "LinkName": "L2",
                    "LinkType": "LabelAndFullUrl",
                    "ActionType": "",
                    "LinkLabel": "How to update payment method",
                    "LinkUrl": "https://www.att.com/esupport/article.jsp?sid=KB401017&dreferrer=null&dsource=Prime_BillPmt_Support_Uverse_ACC"
                },
                {
                    "LinkName": "L3",
                    "LinkType": "LabelOnly",
                    "ActionType": "UverseVoiceDetail",
                    "LinkLabel": "Check Voice Usage Details",
                    "LinkUrl": "/olam/showVOIPDetail.myworld?reportActionEvent=A_U_USAGE_VOIP_DETAIL_VIEW&dreferrer=null&dsource=Prime_BillPmt_Support_Uverse_ACC"
                },
                {
                    "LinkName": "L4",
                    "LinkType": "LabelAndFullUrl",
                    "ActionType": "",
                    "LinkLabel": "View billing glossary",
                    "LinkUrl": "http://www.att.com/support_media/images/pdf/Billing_Glossary.pdf?dreferrer=null&dsource=Prime_BillPmt_Support_Uverse_ACC"
                }
            ]
        },
        {
            "LoginType": "uverse",
            "xmlSource": "Prime_Manage_Your_Account_Uverse_ACC_English_B2C",
            "promotion": "Prime_Manage_Your_Account_Uverse_ACC",
            "Title": "",
            "IntroText": "",
            "SlotType": "AccordionSlot",
            "AccordionTitle": "Manage Your Account",
            "LayoutType": "Links",
            "Links": [
                {
                    "LinkName": "L1",
                    "LinkType": "LabelOnly",
                    "ActionType": "PayNow",
                    "LinkLabel": "Pay My Bill",
                    "LinkUrl": "/pmt/setupQuickPay.doview?reportActionEvent=A_PMT_QUICK_PAY_SETUP&reportActionForm=commonPaymentForm&dreferrer=null&dsource=Prime_Manage_Your_Account_Uverse_ACC"
                },
                {
                    "LinkName": "L2",
                    "LinkType": "LabelAndFullUrl",
                    "ActionType": "",
                    "LinkLabel": "Member Center",
                    "LinkUrl": "http://att.yahoo.com/myaccount?dreferrer=null&dsource=Prime_Manage_Your_Account_Uverse_ACC"
                },
                {
                    "LinkName": "L3",
                    "LinkType": "LabelOnly",
                    "ActionType": "AutoPay",
                    "LinkLabel": "Set Up AutoPay",
                    "LinkUrl": "/pmt/setupRecurringPayment.do?reportActionEvent=A_PMT_AUTO_PAY_SETUP&reportActionForm=commonPaymentForm&dreferrer=null&dsource=Prime_Manage_Your_Account_Uverse_ACC"
                },
                {
                    "LinkName": "L4",
                    "LinkType": "LabelOnly",
                    "ActionType": "PaperlessBilling",
                    "LinkLabel": "Enroll in Paperless Billing",
                    "LinkUrl": "/pmt/update-bill-option.do?dreferrer=null&dsource=Prime_Manage_Your_Account_Uverse_ACC"
                }
            ]
        }
    ]
}