<?xml version="1.0" encoding="UTF-8"?>
<application xmlns:xsi="http://www.w3.org/2001/XMLSchema-instance"
  xmlns="http://java.sun.com/xml/ns/javaee" xmlns:application="http://java.sun.com/xml/ns/javaee/application_5.xsd"
  xsi:schemaLocation="http://java.sun.com/xml/ns/javaee http://java.sun.com/xml/ns/javaee/application_5.xsd"
  id="Application_ID" version="5">
  <description>CASWEB</description>
  <display-name>CASWEB</display-name>
  <module>
    <web>
      <web-uri>icasweb-mx.war</web-uri>
      <context-root>icasweb-mx</context-root>
    </web>
  </module>
</application>
