<project xmlns="http://maven.apache.org/POM/4.0.0" xmlns:xsi="http://www.w3.org/2001/XMLSchema-instance"
	xsi:schemaLocation="http://maven.apache.org/POM/4.0.0 http://maven.apache.org/maven-v4_0_0.xsd">
	<modelVersion>4.0.0</modelVersion>

	<groupId>com.att.icasweb</groupId>
	<artifactId>icasweb-mx</artifactId>
	<version>1.0-SNAPSHOT</version>
	<name>iCASWeb Mexico UI Module</name>
	<description>iCASWeb Mexico UI Java Analysis</description>


	<scm>
		<connection>scm:svn:svn://scm.it.att.com:13642/iCAS-MEXICO/trunk/icas-mx-web</connection>
		<developerConnection>scm:svn:svn://scm.it.att.com:13642/iCAS-MEXICO/trunk/icas-mx-web</developerConnection>
	</scm>

	<repositories>
		<repository>
			<id>credit</id>
			<url>http://mavencentral.it.att.com:8084/nexus/content/repositories/credit</url>
			<snapshots>
				<enabled>true</enabled>
			</snapshots>
			<releases>
				<enabled>true</enabled>
			</releases>
		</repository>
	</repositories>

	<pluginRepositories>
		<pluginRepository>
			<id>credit</id>
			<name>Credit Plugin Repository</name>
			<url>http://mavencentral.it.att.com:8084/nexus/content/groups/credit</url>
			<layout>default</layout>
			<snapshots>
				<enabled>false</enabled>
			</snapshots>
			<releases>
				<updatePolicy>never</updatePolicy>
			</releases>
		</pluginRepository>
	</pluginRepositories>


	<properties>
		<maven.build.timestamp.format>MM/dd/yyyy hh:mm a z</maven.build.timestamp.format>
		<project.build.sourceEncoding>UTF-8</project.build.sourceEncoding>
		<maven.compiler.argument.source>1.7</maven.compiler.argument.source>
		<maven.compiler.argument.target>1.7</maven.compiler.argument.target>
		<spring.version>4.2.0.RELEASE</spring.version>
		<servlet.version>3.1.0</servlet.version>
		<jstl.version>1.2</jstl.version>
		<jackson.version>2.5.3</jackson.version>
		<org.slf4j-version>1.6.1</org.slf4j-version>
		<log4j.version>2.4.1</log4j.version>
		<junit.version>4.8.1</junit.version>
		<hamcrest.version>1.3</hamcrest.version>
		<mockito.version>1.9.5</mockito.version>
		<jsonpath.version>0.9.1</jsonpath.version>

		<!-- <sonar.branch>BRN-REL1504</sonar.branch> -->
		<sonar.sources>${basedir}/war/src/main/java</sonar.sources>
		<sonar.language>java</sonar.language>
		<sonar.profile>${sonar.icas.java.profile}</sonar.profile>
		<sonar.java.source>${maven.compiler.argument.source}</sonar.java.source>
		<sonar.java.target>${maven.compiler.argument.target}</sonar.java.target>
		<sonar.secretKeyPath>${basedir}/sonar/lib/sonar-secret.txt</sonar.secretKeyPath>
	</properties>

	<build>
		<sourceDirectory>${basedir}/war/src/main/java</sourceDirectory>

		<plugins>

			<!-- Load project properties -->
			<plugin>
				<groupId>org.codehaus.mojo</groupId>
				<artifactId>properties-maven-plugin</artifactId>
				<version>1.0-alpha-2</version>
				<executions>
					<execution>
						<phase>initialize</phase>
						<goals>
							<goal>read-project-properties</goal>
						</goals>
						<configuration>
							<files>
								<file>${basedir}/sonar/sonar-pom.properties</file>
							</files>
						</configuration>
					</execution>
				</executions>
			</plugin>

			<plugin>
				<groupId>org.apache.maven.plugins</groupId>
				<artifactId>maven-compiler-plugin</artifactId>
				<version>3.1</version>

				<configuration>
					<verbose>true</verbose>
					<showDeprecation>true</showDeprecation>
					<showWarnings>true</showWarnings>
					<source>${maven.compiler.argument.source}</source>
					<target>${maven.compiler.argument.target}</target>
				</configuration>

			</plugin>

			<plugin>
				<groupId>org.codehaus.mojo</groupId>
				<artifactId>sonar-maven-plugin</artifactId>
				<version>2.4</version>
				<executions>
					<execution>
						<id>running-sonar</id>
						<goals>
							<goal>sonar</goal>
						</goals>
					</execution>
				</executions>
			</plugin>
		</plugins>

	</build>

	<dependencyManagement>
		<dependencies>
			<dependency>
				<groupId>org.springframework</groupId>
				<artifactId>spring-framework-bom</artifactId>
				<version>${spring.version}</version>
				<type>pom</type>
				<scope>import</scope>
			</dependency>

			<!-- Logging -->

			<dependency>
				<groupId>org.apache.logging.log4j</groupId>
				<artifactId>log4j-bom</artifactId>
				<version>${log4j.version}</version>
				<scope>import</scope>
				<type>pom</type>
			</dependency>
		</dependencies>
	</dependencyManagement>

	<dependencies>

		<!-- Spring framework -->
		<dependency>
			<groupId>org.springframework</groupId>
			<artifactId>spring-context</artifactId>
		</dependency>

		<dependency>
			<groupId>org.springframework</groupId>
			<artifactId>spring-webmvc</artifactId>
		</dependency>

		<dependency>
			<groupId>org.springframework</groupId>
			<artifactId>spring-jdbc</artifactId>
		</dependency>

		<dependency>
			<groupId>org.apache.logging.log4j</groupId>
			<artifactId>log4j-api</artifactId>
		</dependency>
		<dependency>
			<groupId>org.apache.logging.log4j</groupId>
			<artifactId>log4j-core</artifactId>
		</dependency>

		<dependency>
			<groupId>javax.servlet</groupId>
			<artifactId>javax.servlet-api</artifactId>
			<scope>provided</scope>
		</dependency>

		<!-- JSON Processing -->
		<dependency>
			<groupId>com.fasterxml.jackson.core</groupId>
			<artifactId>jackson-core</artifactId>
			<version>${jackson.version}</version>
		</dependency>
		<dependency>
			<groupId>com.fasterxml.jackson.core</groupId>
			<artifactId>jackson-annotations</artifactId>
			<version>${jackson.version}</version>
		</dependency>
		<dependency>
			<groupId>com.fasterxml.jackson.core</groupId>
			<artifactId>jackson-databind</artifactId>
			<version>${jackson.version}</version>
		</dependency>

		<!-- Compile -->
		<dependency>
			<groupId>javax.servlet</groupId>
			<artifactId>javax.servlet-api</artifactId>
			<version>${servlet.version}</version>
		</dependency>

		<!-- Testing -->
		<dependency>
			<groupId>junit</groupId>
			<artifactId>junit</artifactId>
			<version>${junit.version}</version>
		</dependency>
		<dependency>
			<groupId>org.mockito</groupId>
			<artifactId>mockito-all</artifactId>
			<version>${mockito.version}</version>
		</dependency>
		<dependency>
			<groupId>com.jayway.jsonpath</groupId>
			<artifactId>json-path</artifactId>
			<version>${jsonpath.version}</version>
		</dependency>
		<dependency>
			<groupId>com.jayway.jsonpath</groupId>
			<artifactId>json-path-assert</artifactId>
			<version>${jsonpath.version}</version>
		</dependency>

	</dependencies>
</project>

