<assembly xmlns="http://maven.apache.org/plugins/maven-assembly-plugin/assembly/1.1.0"
          xmlns:xsi="http://www.w3.org/2001/XMLSchema-instance"
          xsi:schemaLocation="http://maven.apache.org/plugins/maven-assembly-plugin/assembly/1.1.0 http://maven.apache.org/xsd/assembly-1.1.0.xsd">
    <id>${artifactId}-${project.version}</id>
    <formats>
        <format>tar</format>
    </formats>
    <includeBaseDirectory>true</includeBaseDirectory>
    <fileSets>
        <fileSet>
            <!--<directory>publish</directory>-->
            <directory>app/</directory>
            <outputDirectory>/</outputDirectory>
            <!--<includes>
                <include>**/**/*.min.js</include>
            </includes>-->

        </fileSet>

    </fileSets>
</assembly>